Tweet ID,Tweet URL,Tweet Posted Time,Tweet Type,Tweet Text,Tweet Text Length,Client,Client URL,Total Retweets,Total Likes,Total Quoted,Total Replies,Language,Sensitive Content,Replying To Username,Mentions,Hashtags,Emojis,Symbols,Total Mentions,Total Hashtags,Total URLs,Total Media,Total Emojis,Total Symbols,Total Polls,URL,Media Type,Media URL,Media Alt Text,Tweet Truncated,Original Author Twitter ID,Original Author Full name,Original Author Screen name,Original Author Location,Original Author Description (Bio),Original Author Website,Original Author Total Followers,Original Author Total Following,Original Author Total Public Lists,Original Author Total Likes,Original Author Total Tweets,Original Author Verified Account,Original Author Protected Tweets,Original Author Has NFT Avatar,Original Author Created At (UTC),Original Author Possible Email,Original Author Possible Phone
1590293950807519232,https://twitter.com/carolinecapital/status/1590293950807519232,2022-11-09 10:43:18,Reply,@mrjasonchoi @FTX_Official that's FTXUS. I guess it's mislabeled on etherscan but eg nansen has it correct https://t.co/zFq1v32vLP,106,Twitter Web App,https://mobile.twitter.com,48,574,65,350,en,false,mrjasonchoi,"mrjasonchoi,FTX_Official","","","",2,0,0,1,0,0,0,,photo,https://pbs.twimg.com/media/FhHb1e5XEAAhdJ6.jpg,"",,1368514414505193475,Caroline,carolinecapital,"","crypto trader, effective altruist. not financial advice",,63528,143,640,87,71,false,false,false,2021-03-07 10:51:55,"",""
1589865839100297216,https://twitter.com/carolinecapital/status/1589865839100297216,2022-11-08 06:22:08,Reply,"@benbybit thanks, appreciate the support! &lt;3",47,Twitter Web App,https://mobile.twitter.com,10,235,4,62,en,,benbybit,benbybit,"","","",1,0,0,0,0,0,0,,,,,,1368514414505193475,Caroline,carolinecapital,"","crypto trader, effective altruist. not financial advice",,63528,143,640,87,71,false,false,false,2021-03-07 10:51:55,"",""
1589853488703762434,https://twitter.com/carolinecapital/status/1589853488703762434,2022-11-08 05:33:04,Reply,"@benbybit busy at the moment but that wasn't us, will get you proof of funds when things calm down",98,Twitter Web App,https://mobile.twitter.com,236,1629,298,420,en,,benbybit,benbybit,"","","",1,0,0,0,0,0,0,,,,,,1368514414505193475,Caroline,carolinecapital,"","crypto trader, effective altruist. not financial advice",,63528,143,640,87,71,false,false,false,2021-03-07 10:51:55,"",""
1589287457975304193,https://twitter.com/carolinecapital/status/1589287457975304193,2022-11-06 16:03:52,Reply,"@cz_binance if you're looking to minimize the market impact on your FTT sales, Alameda will happily buy it all from you today at $22!",133,Twitter Web App,https://mobile.twitter.com,1252,8331,1701,1847,en,,cz_binance,cz_binance,"","","",1,0,0,0,0,0,0,,,,,,1368514414505193475,Caroline,carolinecapital,"","crypto trader, effective altruist. not financial advice",,63528,143,640,87,71,false,false,false,2021-03-07 10:51:55,"",""
1589264377433456641,https://twitter.com/carolinecapital/status/1589264377433456641,2022-11-06 14:32:09,Reply,- the balance sheet breaks out a few of our biggest long positions; we obviously have hedges that arenâ€™t listed - given the tightening in the crypto credit space this year weâ€™ve returned most of our loans by now,211,Twitter Web App,https://mobile.twitter.com,93,1253,72,349,en,,carolinecapital,"","","","",0,0,0,0,0,0,0,,,,,,1368514414505193475,Caroline,carolinecapital,"","crypto trader, effective altruist. not financial advice",,63528,143,640,87,71,false,false,false,2021-03-07 10:51:55,"",""
1589264375042707458,https://twitter.com/carolinecapital/status/1589264375042707458,2022-11-06 14:32:08,Tweet,"A few notes on the balance sheet info that has been circulating recently: - that specific balance sheet is for a subset of our corporate entities, we have &gt; $10b of assets that arenâ€™t reflected there",202,Twitter Web App,https://mobile.twitter.com,473,3069,564,1040,en,,,"","","","",0,0,0,0,0,0,0,,,,,,1368514414505193475,Caroline,carolinecapital,"","crypto trader, effective altruist. not financial advice",,63528,143,640,87,71,false,false,false,2021-03-07 10:51:55,"",""
1562871366218825730,https://twitter.com/carolinecapital/status/1562871366218825730,2022-08-25 18:35:45,Reply,@joshcmorrison no comment ðŸ‘€,27,Twitter Web App,https://mobile.twitter.com,0,21,0,2,fr,,joshcmorrison,joshcmorrison,"",ðŸ‘€,"",1,0,0,0,1,0,0,,,,,,1368514414505193475,Caroline,carolinecapital,"","crypto trader, effective altruist. not financial advice",,63528,143,640,87,71,false,false,false,2021-03-07 10:51:55,"",""
1562870499340095491,https://twitter.com/carolinecapital/status/1562870499340095491,2022-08-25 18:32:18,Reply,@joshcmorrison thanks! yeah unfortunately I now have too many followers to tweet anything interesting,101,Twitter Web App,https://mobile.twitter.com,0,8,0,1,en,,joshcmorrison,joshcmorrison,"","","",1,0,0,0,0,0,0,,,,,,1368514414505193475,Caroline,carolinecapital,"","crypto trader, effective altruist. not financial advice",,63528,143,640,87,71,false,false,false,2021-03-07 10:51:55,"",""
1562520474487521280,https://twitter.com/carolinecapital/status/1562520474487521280,2022-08-24 19:21:26,Quote,"It's been an incredibly formative experience working with @AlamedaTrabucco. I've missed having him around in recent months, but I'm proud of all the other Alameda employees who have stepped up and more excited than ever about our future. I hope he has a great time on his boat!",277,Twitter Web App,https://mobile.twitter.com,58,953,37,238,en,,,AlamedaTrabucco,"","","",1,0,0,0,0,0,0,,,,,,1368514414505193475,Caroline,carolinecapital,"","crypto trader, effective altruist. not financial advice",,63528,143,640,87,71,false,false,false,2021-03-07 10:51:55,"",""
1493736392693727233,https://twitter.com/carolinecapital/status/1493736392693727233,2022-02-15 23:58:02,Reply,@SBF_FTX isn't this graph showing per day not per week,54,Twitter Web App,https://mobile.twitter.com,2,16,0,2,en,,SBF_FTX,SBF_FTX,"","","",1,0,0,0,0,0,0,,,,,,1368514414505193475,Caroline,carolinecapital,"","crypto trader, effective altruist. not financial advice",,63528,143,640,87,71,false,false,false,2021-03-07 10:51:55,"",""
1465804092417228807,https://twitter.com/carolinecapital/status/1465804092417228807,2021-11-30 22:05:03,Tweet,https://t.co/o6WDn6Fo0m,23,Twitter Web App,https://mobile.twitter.com,42,183,61,168,zxx,false,,"","","","",0,0,1,0,0,0,0,https://www.givedirectly.org/crypto-for-good-2021/,,,,,1368514414505193475,Caroline,carolinecapital,"","crypto trader, effective altruist. not financial advice",,63528,143,640,87,71,false,false,false,2021-03-07 10:51:55,"",""
1428185299482411010,https://twitter.com/carolinecapital/status/1428185299482411010,2021-08-19 02:41:24,Reply,@theemilyaccount @barnji @queenwartooth @Bonecondor @SBF_FTX yeah already miles ahead of the field,98,Twitter Web App,https://mobile.twitter.com,3,17,1,1,en,,theemilyaccount,"theemilyaccount,barnji,queenwartooth,Bonecondor,SBF_FTX","","","",5,0,0,0,0,0,0,,,,,,1368514414505193475,Caroline,carolinecapital,"","crypto trader, effective altruist. not financial advice",,63528,143,640,87,71,false,false,false,2021-03-07 10:51:55,"",""
1428184740406857735,https://twitter.com/carolinecapital/status/1428184740406857735,2021-08-19 02:39:11,Reply,@theemilyaccount @barnji @queenwartooth @Bonecondor @SBF_FTX have you considered: all the men who cold email me asking for jobs every day,137,Twitter Web App,https://mobile.twitter.com,1,20,0,1,en,,theemilyaccount,"theemilyaccount,barnji,queenwartooth,Bonecondor,SBF_FTX","","","",5,0,0,0,0,0,0,,,,,,1368514414505193475,Caroline,carolinecapital,"","crypto trader, effective altruist. not financial advice",,63528,143,640,87,71,false,false,false,2021-03-07 10:51:55,"",""
1420040733256470539,https://twitter.com/carolinecapital/status/1420040733256470539,2021-07-27 15:17:48,Reply,"And there's no catch, no reductio ad absurdum. I think it just works.",69,Twitter Web App,https://mobile.twitter.com,11,55,1,16,en,,carolinecapital,"","","","",0,0,0,0,0,0,0,,,,,,1368514414505193475,Caroline,carolinecapital,"","crypto trader, effective altruist. not financial advice",,63528,143,640,87,71,false,false,false,2021-03-07 10:51:55,"",""
1420040732329578499,https://twitter.com/carolinecapital/status/1420040732329578499,2021-07-27 15:17:48,Reply,"Then when a new thing comes up, try and ballpark how much it's worth. Below some threshold, ignore it; above some threshold, drop everything and focus on that; otherwise, slot it in somewhere.",192,Twitter Web App,https://mobile.twitter.com,15,68,4,12,en,,carolinecapital,"","","","",0,0,0,0,0,0,0,,,,,,1368514414505193475,Caroline,carolinecapital,"","crypto trader, effective altruist. not financial advice",,63528,143,640,87,71,false,false,false,2021-03-07 10:51:55,"",""
1420040731167764486,https://twitter.com/carolinecapital/status/1420040731167764486,2021-07-27 15:17:48,Reply,"Maybe every couple of days, make a list of all the most important things I can think of, and get bullshit estimates for how much each is worth, and rank them and start with the most important.",192,Twitter Web App,https://mobile.twitter.com,7,42,1,2,en,,carolinecapital,"","","","",0,0,0,0,0,0,0,,,,,,1368514414505193475,Caroline,carolinecapital,"","crypto trader, effective altruist. not financial advice",,63528,143,640,87,71,false,false,false,2021-03-07 10:51:55,"",""
1420040730165272576,https://twitter.com/carolinecapital/status/1420040730165272576,2021-07-27 15:17:47,Reply,"Like idk, this is far from perfect in practice but this is pretty much what I try to do when trading.",101,Twitter Web App,https://mobile.twitter.com,9,22,2,3,en,,carolinecapital,"","","","",0,0,0,0,0,0,0,,,,,,1368514414505193475,Caroline,carolinecapital,"","crypto trader, effective altruist. not financial advice",,63528,143,640,87,71,false,false,false,2021-03-07 10:51:55,"",""
1420040729276059659,https://twitter.com/carolinecapital/status/1420040729276059659,2021-07-27 15:17:47,Reply,"I used to kinda feel that way. But now I think ... you can just focus on things in proportion to their importance, and that just works?",135,Twitter Web App,https://mobile.twitter.com,8,26,0,1,en,,carolinecapital,"","","","",0,0,0,0,0,0,0,,,,,,1368514414505193475,Caroline,carolinecapital,"","crypto trader, effective altruist. not financial advice",,63528,143,640,87,71,false,false,false,2021-03-07 10:51:55,"",""
1420040728244326403,https://twitter.com/carolinecapital/status/1420040728244326403,2021-07-27 15:17:47,Tweet,"There's a reaction people have when they hear about EA that's like ""well but when you do the math, that would mean [all these issues that people care about] are less important than malaria, and we should just spend all our time talking about malaria, but that would be absurd.""",277,Twitter Web App,https://mobile.twitter.com,19,93,1,26,en,,,"","","","",0,0,0,0,0,0,0,,,,,,1368514414505193475,Caroline,carolinecapital,"","crypto trader, effective altruist. not financial advice",,63528,143,640,87,71,false,false,false,2021-03-07 10:51:55,"",""
1419768143925452801,https://twitter.com/carolinecapital/status/1419768143925452801,2021-07-26 21:14:38,Reply,"It comes more from looking for the biggest problems or opportunities, and actually trying to address them. And recognizing that hard decisions are hard and you're gonna get some wrong, but trying not to fuck up the easy ones.",226,Twitter Web App,https://mobile.twitter.com,22,121,10,22,en,,carolinecapital,"","","","",0,0,0,0,0,0,0,,,,,,1368514414505193475,Caroline,carolinecapital,"","crypto trader, effective altruist. not financial advice",,63528,143,640,87,71,false,false,false,2021-03-07 10:51:55,"",""
1419768142591676421,https://twitter.com/carolinecapital/status/1419768142591676421,2021-07-26 21:14:37,Reply,So I don't think success usually comes from getting hard decisions right.,73,Twitter Web App,https://mobile.twitter.com,16,51,12,13,en,,carolinecapital,"","","","",0,0,0,0,0,0,0,,,,,,1368514414505193475,Caroline,carolinecapital,"","crypto trader, effective altruist. not financial advice",,63528,143,640,87,71,false,false,false,2021-03-07 10:51:55,"",""
1419768141337481220,https://twitter.com/carolinecapital/status/1419768141337481220,2021-07-26 21:14:37,Reply,"But the harder it seems, the less additional thinking is likely to help, and time is valuable and indecision is costly.",119,Twitter Web App,https://mobile.twitter.com,8,37,0,3,en,,carolinecapital,"","","","",0,0,0,0,0,0,0,,,,,,1368514414505193475,Caroline,carolinecapital,"","crypto trader, effective altruist. not financial advice",,63528,143,640,87,71,false,false,false,2021-03-07 10:51:55,"",""
1419768139949166594,https://twitter.com/carolinecapital/status/1419768139949166594,2021-07-26 21:14:37,Reply,"Or maybe you think there's a huge difference between the options but you're very uncertain which is better. Then yeah, maybe it's valuable to think more and hope it will help you make a better decision.",202,Twitter Web App,https://mobile.twitter.com,7,18,0,3,en,,carolinecapital,"","","","",0,0,0,0,0,0,0,,,,,,1368514414505193475,Caroline,carolinecapital,"","crypto trader, effective altruist. not financial advice",,63528,143,640,87,71,false,false,false,2021-03-07 10:51:55,"",""
1419768138594463747,https://twitter.com/carolinecapital/status/1419768138594463747,2021-07-26 21:14:36,Reply,"Maybe it's hard because there isn't that much difference between the options: in that case, it doesn't matter that much.",120,Twitter Web App,https://mobile.twitter.com,8,23,0,3,en,,carolinecapital,"","","","",0,0,0,0,0,0,0,,,,,,1368514414505193475,Caroline,carolinecapital,"","crypto trader, effective altruist. not financial advice",,63528,143,640,87,71,false,false,false,2021-03-07 10:51:55,"",""
1419768137495482368,https://twitter.com/carolinecapital/status/1419768137495482368,2021-07-26 21:14:36,Tweet,"It seems like it should be important to get hard decisions right. But actually, if a decision is hard it's sort of necessarily only marginal.",142,Twitter Web App,https://mobile.twitter.com,33,152,11,17,en,,,"","","","",0,0,0,0,0,0,0,,,,,,1368514414505193475,Caroline,carolinecapital,"","crypto trader, effective altruist. not financial advice",,63528,143,640,87,71,false,false,false,2021-03-07 10:51:55,"",""
1405450039569252359,https://twitter.com/carolinecapital/status/1405450039569252359,2021-06-17 08:59:36,Reply,@ImagineKing_ @jackshaftoes the interesting thing about twitter is the way it inverts the traditional concept of good writing by rewarding obscurity and disincentivizing clarity; the upsides of being understood are usually outweighed by the downsides of being understood by the wrong people,290,Twitter Web App,https://mobile.twitter.com,1,7,3,0,en,,nat9crypto,jackshaftoes,"","","",1,0,0,0,0,0,0,,,,,,1368514414505193475,Caroline,carolinecapital,"","crypto trader, effective altruist. not financial advice",,63528,143,640,87,71,false,false,false,2021-03-07 10:51:55,"",""
1405446095799418885,https://twitter.com/carolinecapital/status/1405446095799418885,2021-06-17 08:43:55,Reply,@SBF_Alameda I thought other countries were opening up,54,Twitter Web App,https://mobile.twitter.com,1,3,0,0,en,,carolinecapital,SBF_Alameda,"","","",1,0,0,0,0,0,0,,,,,,1368514414505193475,Caroline,carolinecapital,"","crypto trader, effective altruist. not financial advice",,63528,143,640,87,71,false,false,false,2021-03-07 10:51:55,"",""
1405446044259786752,https://twitter.com/carolinecapital/status/1405446044259786752,2021-06-17 08:43:43,Reply,@SBF_Alameda this take feels HK-specific,40,Twitter Web App,https://mobile.twitter.com,0,2,0,1,en,,SBF_FTX,SBF_Alameda,"","","",1,0,0,0,0,0,0,,,,,,1368514414505193475,Caroline,carolinecapital,"","crypto trader, effective altruist. not financial advice",,63528,143,640,87,71,false,false,false,2021-03-07 10:51:55,"",""
1405439974472785922,https://twitter.com/carolinecapital/status/1405439974472785922,2021-06-17 08:19:36,Reply,@jackshaftoes way too many CT ppl following me already tbh,58,Twitter Web App,https://mobile.twitter.com,0,10,0,2,en,,carolinecapital,jackshaftoes,"","","",1,0,0,0,0,0,0,,,,,,1368514414505193475,Caroline,carolinecapital,"","crypto trader, effective altruist. not financial advice",,63528,143,640,87,71,false,false,false,2021-03-07 10:51:55,"",""
1405439897343721476,https://twitter.com/carolinecapital/status/1405439897343721476,2021-06-17 08:19:17,Reply,@jackshaftoes whyyyyy Tristan,29,Twitter Web App,https://mobile.twitter.com,0,5,0,1,en,,jackshaftoes,jackshaftoes,"","","",1,0,0,0,0,0,0,,,,,,1368514414505193475,Caroline,carolinecapital,"","crypto trader, effective altruist. not financial advice",,63528,143,640,87,71,false,false,false,2021-03-07 10:51:55,"",""
1400497597530312704,https://twitter.com/carolinecapital/status/1400497597530312704,2021-06-03 17:00:21,Tweet,ok amazon https://t.co/iF8eHBDqCm,9,Twitter Web App,https://mobile.twitter.com,10,53,7,19,en,false,,"","","","",0,0,0,1,0,0,0,,photo,https://pbs.twimg.com/media/E2-RHJqVEAErGCn.jpg,"",,1368514414505193475,Caroline,carolinecapital,"","crypto trader, effective altruist. not financial advice",,63528,143,640,87,71,false,false,false,2021-03-07 10:51:55,"",""
1400345770306404354,https://twitter.com/carolinecapital/status/1400345770306404354,2021-06-03 06:57:03,Reply,@drewg__ @AlamedaTrabucco for the record: - I have never lost money to Trabby at poker and don't intend to - I would love to donate more to keep him off the leaderboard but unfortunately I'm already above him,208,Twitter Web App,https://mobile.twitter.com,0,10,0,2,en,,bookdepth,AlamedaTrabucco,"","","",1,0,0,0,0,0,0,,,,,,1368514414505193475,Caroline,carolinecapital,"","crypto trader, effective altruist. not financial advice",,63528,143,640,87,71,false,false,false,2021-03-07 10:51:55,"",""
1397968553328840705,https://twitter.com/carolinecapital/status/1397968553328840705,2021-05-27 17:30:50,Tweet,"""X has been updating towards Y, they'll probably keep doing that"" vs ""wait but if you're a Bayesian reasoner your updates shouldn't be autocorrelated"" vs ""yeah but even if they're not people expect them to be so you might wanna communicate as if they are for Legibility""",274,Twitter Web App,https://mobile.twitter.com,9,47,1,11,en,,,"","","","",0,0,0,0,0,0,0,,,,,,1368514414505193475,Caroline,carolinecapital,"","crypto trader, effective altruist. not financial advice",,63528,143,640,87,71,false,false,false,2021-03-07 10:51:55,"",""
1397964366784339969,https://twitter.com/carolinecapital/status/1397964366784339969,2021-05-27 17:14:12,Reply,@barnji @theemilyaccount fyi I now have new glasses. only after having broken ones for like 2 months though,107,Twitter Web App,https://mobile.twitter.com,0,2,0,0,en,,carolinecapital,"barnji,theemilyaccount","","","",2,0,0,0,0,0,0,,,,,,1368514414505193475,Caroline,carolinecapital,"","crypto trader, effective altruist. not financial advice",,63528,143,640,87,71,false,false,false,2021-03-07 10:51:55,"",""
1397964066484674562,https://twitter.com/carolinecapital/status/1397964066484674562,2021-05-27 17:13:01,Reply,@barnji @theemilyaccount omg thank you for being the first and only positive feedback I have gotten on the broken glasses,121,Twitter Web App,https://mobile.twitter.com,0,2,0,2,en,,barnji,"barnji,theemilyaccount","","","",2,0,0,0,0,0,0,,,,,,1368514414505193475,Caroline,carolinecapital,"","crypto trader, effective altruist. not financial advice",,63528,143,640,87,71,false,false,false,2021-03-07 10:51:55,"",""
1381985596030115842,https://twitter.com/carolinecapital/status/1381985596030115842,2021-04-13 15:00:16,Reply,"@noahkreutter @cmsholdings like if you think something is 90% to fail and 10% to have huge upside, you acknowledge that and make decisions accordingly ... but also spend most of your time thinking and talking about the upside and feel really excited about it",258,Twitter Web App,https://mobile.twitter.com,2,4,1,1,en,,carolinecapital,cmsholdings,"","","",1,0,0,0,0,0,0,,,,,,1368514414505193475,Caroline,carolinecapital,"","crypto trader, effective altruist. not financial advice",,63528,143,640,87,71,false,false,false,2021-03-07 10:51:55,"",""
1381985196690472960,https://twitter.com/carolinecapital/status/1381985196690472960,2021-04-13 14:58:41,Reply,@noahkreutter @cmsholdings 2) it's important for your actual endorsed probabilities to be correctly calibrated but I think there's a sort of qualitative optimism/overconfidence that helps,187,Twitter Web App,https://mobile.twitter.com,2,3,0,1,en,,carolinecapital,cmsholdings,"","","",1,0,0,0,0,0,0,,,,,,1368514414505193475,Caroline,carolinecapital,"","crypto trader, effective altruist. not financial advice",,63528,143,640,87,71,false,false,false,2021-03-07 10:51:55,"",""
1381984741704933377,https://twitter.com/carolinecapital/status/1381984741704933377,2021-04-13 14:56:53,Reply,"@noahkreutter @cmsholdings 1) you have to willfully ignore the outside view to get those investments, because the prior for a random person in the world who thinks they've found such an investment is that they're probably wrong and it's a scam",243,Twitter Web App,https://mobile.twitter.com,1,4,1,1,en,,carolinecapital,cmsholdings,"","","",1,0,0,0,0,0,0,,,,,,1368514414505193475,Caroline,carolinecapital,"","crypto trader, effective altruist. not financial advice",,63528,143,640,87,71,false,false,false,2021-03-07 10:51:55,"",""
1381984286442549255,https://twitter.com/carolinecapital/status/1381984286442549255,2021-04-13 14:55:04,Reply,"@noahkreutter @cmsholdings ya it's rational in the sense of ""rationality is winning"" but I think there are a couple ways it feels like irrationality from the inside",164,Twitter Web App,https://mobile.twitter.com,0,0,0,1,en,,nkreu113r,cmsholdings,"","","",1,0,0,0,0,0,0,,,,,,1368514414505193475,Caroline,carolinecapital,"","crypto trader, effective altruist. not financial advice",,63528,143,640,87,71,false,false,false,2021-03-07 10:51:55,"",""
1380832245649408000,https://twitter.com/carolinecapital/status/1380832245649408000,2021-04-10 10:37:16,Reply,"ppl: so how do you price stocks 24/7 even when the market is closed? me: uh. sophisticated proprietary techniques [frantically types variants on ""fair price of $BABA right now"" into twitter search bar]",202,Twitter Web App,https://mobile.twitter.com,15,54,10,10,en,,carolinecapital,"","","",BABA,0,0,0,0,0,1,0,,,,,,1368514414505193475,Caroline,carolinecapital,"","crypto trader, effective altruist. not financial advice",,63528,143,640,87,71,false,false,false,2021-03-07 10:51:55,"",""
1380832244277727232,https://twitter.com/carolinecapital/status/1380832244277727232,2021-04-10 10:37:16,Tweet,so does anyone know what the price impact of the alibaba news should be? jw,75,Twitter Web App,https://mobile.twitter.com,9,29,3,7,en,,,"","","","",0,0,0,0,0,0,0,,,,,,1368514414505193475,Caroline,carolinecapital,"","crypto trader, effective altruist. not financial advice",,63528,143,640,87,71,false,false,false,2021-03-07 10:51:55,"",""
1379739616970862593,https://twitter.com/carolinecapital/status/1379739616970862593,2021-04-07 10:15:33,Reply,@AlamedaTrabucco no,19,Twitter Web App,https://mobile.twitter.com,0,4,0,1,und,,AlamedaTrabucco,AlamedaTrabucco,"","","",1,0,0,0,0,0,0,,,,,,1368514414505193475,Caroline,carolinecapital,"","crypto trader, effective altruist. not financial advice",,63528,143,640,87,71,false,false,false,2021-03-07 10:51:55,"",""
1379439364019642370,https://twitter.com/carolinecapital/status/1379439364019642370,2021-04-06 14:22:27,Reply,@theemilyaccount same. idk where you are on this journey but I got really into scrunchies like ... a year ago it slowly escalated with jokes about how addicted I was to them now I kinda have a panic attack if I ever forget to have one on me,242,Twitter Web App,https://mobile.twitter.com,1,1,0,1,en,,theemilyaccount,theemilyaccount,"","","",1,0,0,0,0,0,0,,,,,,1368514414505193475,Caroline,carolinecapital,"","crypto trader, effective altruist. not financial advice",,63528,143,640,87,71,false,false,false,2021-03-07 10:51:55,"",""
1379438445374754817,https://twitter.com/carolinecapital/status/1379438445374754817,2021-04-06 14:18:48,Tweet,PSA @ new followers: I do NOT intend to use this account to give away free alpha unlike some colleagues I could name. its SOLE purpose is for shitposting,153,Twitter Web App,https://mobile.twitter.com,24,172,20,29,en,,,"","","","",0,0,0,0,0,0,0,,,,,,1368514414505193475,Caroline,carolinecapital,"","crypto trader, effective altruist. not financial advice",,63528,143,640,87,71,false,false,false,2021-03-07 10:51:55,"",""
1379437780481110023,https://twitter.com/carolinecapital/status/1379437780481110023,2021-04-06 14:16:10,Reply,@theemilyaccount sometimes I say this but I keep an emergency scrunchie in my purse and it always comes out at some point,121,Twitter Web App,https://mobile.twitter.com,0,2,0,1,en,,theemilyaccount,theemilyaccount,"","","",1,0,0,0,0,0,0,,,,,,1368514414505193475,Caroline,carolinecapital,"","crypto trader, effective altruist. not financial advice",,63528,143,640,87,71,false,false,false,2021-03-07 10:51:55,"",""
1379296246158909447,https://twitter.com/carolinecapital/status/1379296246158909447,2021-04-06 04:53:45,Reply,@testinprodcap @SBF_Alameda @FTX_Official https://t.co/fmqtzNXvV3 https://t.co/GHu9vpUKnF highly recommend!,109,Twitter Web App,https://mobile.twitter.com,0,11,0,1,en,false,testinprodcap,"testinprodcap,SBF_Alameda,FTX_Official","","","",3,0,2,0,0,0,0,https://www.amazon.com/Hard-Math-Middle-School-IMLEM/dp/1453814450,,,,,1368514414505193475,Caroline,carolinecapital,"","crypto trader, effective altruist. not financial advice",,63528,143,640,87,71,false,false,false,2021-03-07 10:51:55,"",""
1379053536881741827,https://twitter.com/carolinecapital/status/1379053536881741827,2021-04-05 12:49:19,Reply,"so like we definitely had some breathing room there but you gotta wonder, what if plant evolutionary history had somehow taken a slightly different course such that none of those 12 had existed",193,Twitter Web App,https://mobile.twitter.com,9,18,0,13,en,,carolinecapital,"","","","",0,0,0,0,0,0,0,,,,,,1368514414505193475,Caroline,carolinecapital,"","crypto trader, effective altruist. not financial advice",,63528,143,640,87,71,false,false,false,2021-03-07 10:51:55,"",""
1379053236758306819,https://twitter.com/carolinecapital/status/1379053236758306819,2021-04-05 12:48:07,Reply,"there have been a few plants domesticated for human consumption in modern times, but most just aren't well suited for it",120,Twitter Web App,https://mobile.twitter.com,9,15,0,8,en,,carolinecapital,"","","","",0,0,0,0,0,0,0,,,,,,1368514414505193475,Caroline,carolinecapital,"","crypto trader, effective altruist. not financial advice",,63528,143,640,87,71,false,false,false,2021-03-07 10:51:55,"",""
1379052920470040587,https://twitter.com/carolinecapital/status/1379052920470040587,2021-04-05 12:46:52,Reply,"but also Diamond points out that out of the 200k wild plant species, there are only 12 that account for the vast majority of the world's food production, and all of those were first domesticated thousands of years ago",217,Twitter Web App,https://mobile.twitter.com,6,8,0,2,en,,carolinecapital,"","","","",0,0,0,0,0,0,0,,,,,,1368514414505193475,Caroline,carolinecapital,"","crypto trader, effective altruist. not financial advice",,63528,143,640,87,71,false,false,false,2021-03-07 10:51:55,"",""
1379052577019424772,https://twitter.com/carolinecapital/status/1379052577019424772,2021-04-05 12:45:30,Reply,"I thought of agriculture as this not very contingent thing, because I know several human societies developed it independently. and that's true",142,Twitter Web App,https://mobile.twitter.com,6,7,0,2,en,,carolinecapital,"","","","",0,0,0,0,0,0,0,,,,,,1368514414505193475,Caroline,carolinecapital,"","crypto trader, effective altruist. not financial advice",,63528,143,640,87,71,false,false,false,2021-03-07 10:51:55,"",""
1379051535129145347,https://twitter.com/carolinecapital/status/1379051535129145347,2021-04-05 12:41:22,Reply,if humans fuck this up will some species of monkey or bird or octopus evolve enough intelligence to replace us in a million years? what will their culture look like? what about alien cultures?,192,Twitter Web App,https://mobile.twitter.com,9,10,2,7,en,,carolinecapital,"","","","",0,0,0,0,0,0,0,,,,,,1368514414505193475,Caroline,carolinecapital,"","crypto trader, effective altruist. not financial advice",,63528,143,640,87,71,false,false,false,2021-03-07 10:51:55,"",""
1379051289913348098,https://twitter.com/carolinecapital/status/1379051289913348098,2021-04-05 12:40:23,Reply,I think the big questions are the more speculative ones that follow from that: how inevitable was the progress of human civilization thus far? how predetermined is its future trajectory?,186,Twitter Web App,https://mobile.twitter.com,6,10,0,2,en,,carolinecapital,"","","","",0,0,0,0,0,0,0,,,,,,1368514414505193475,Caroline,carolinecapital,"","crypto trader, effective altruist. not financial advice",,63528,143,640,87,71,false,false,false,2021-03-07 10:51:55,"",""
1379050580870500357,https://twitter.com/carolinecapital/status/1379050580870500357,2021-04-05 12:37:34,Reply,"though his big focus is ""why did civilization evolve differently in different parts of the world"" which is like, adjacent to what I care about but I feel like explaining the origin of inequalities among modern-day humans is not the most interesting or important part of this story",280,Twitter Web App,https://mobile.twitter.com,6,7,0,2,en,,carolinecapital,"","","","",0,0,0,0,0,0,0,,,,,,1368514414505193475,Caroline,carolinecapital,"","crypto trader, effective altruist. not financial advice",,63528,143,640,87,71,false,false,false,2021-03-07 10:51:55,"",""
1379049729032523778,https://twitter.com/carolinecapital/status/1379049729032523778,2021-04-05 12:34:11,Reply,thus far I don't really know how much to trust his answers but I like that he's asking the right questions,106,Twitter Web App,https://mobile.twitter.com,6,9,0,2,en,,carolinecapital,"","","","",0,0,0,0,0,0,0,,,,,,1368514414505193475,Caroline,carolinecapital,"","crypto trader, effective altruist. not financial advice",,63528,143,640,87,71,false,false,false,2021-03-07 10:51:55,"",""
1379049056673013760,https://twitter.com/carolinecapital/status/1379049056673013760,2021-04-05 12:31:31,Reply,"""did humans originate in Africa or was it multiregional? did agriculture in Europe spread mainly through cultural transmission or population replacement? we Just Don't Know""",173,Twitter Web App,https://mobile.twitter.com,6,6,0,2,en,,carolinecapital,"","","","",0,0,0,0,0,0,0,,,,,,1368514414505193475,Caroline,carolinecapital,"","crypto trader, effective altruist. not financial advice",,63528,143,640,87,71,false,false,false,2021-03-07 10:51:55,"",""
1379048628048683009,https://twitter.com/carolinecapital/status/1379048628048683009,2021-04-05 12:29:49,Tweet,"I picked up Guns Germs and Steel in a used bookstore and started reading it, and it's impressive how a book that was big when I was a kid already feels so out of date",166,Twitter Web App,https://mobile.twitter.com,9,31,1,10,en,,,"","","","",0,0,0,0,0,0,0,,,,,,1368514414505193475,Caroline,carolinecapital,"","crypto trader, effective altruist. not financial advice",,63528,143,640,87,71,false,false,false,2021-03-07 10:51:55,"",""
1379038489103101952,https://twitter.com/carolinecapital/status/1379038489103101952,2021-04-05 11:49:31,Reply,"whatever else is happening, throughout the day, it's just a significant percentage of my thoughts dedicated to ""what should I do for dinner? how about dessert? should I have an afternoon snack before that? ... you know what's good? Ethiopian food. do they even have that in HK?""",278,Twitter Web App,https://mobile.twitter.com,17,204,7,23,en,,carolinecapital,"","","","",0,0,0,0,0,0,0,,,,,,1368514414505193475,Caroline,carolinecapital,"","crypto trader, effective altruist. not financial advice",,63528,143,640,87,71,false,false,false,2021-03-07 10:51:55,"",""
1379037670010019840,https://twitter.com/carolinecapital/status/1379037670010019840,2021-04-05 11:46:16,Reply,the second dumbest thing is: apparently there's about 20% of my brain that's dedicated to food.,95,Twitter Web App,https://mobile.twitter.com,15,164,3,11,en,,carolinecapital,"","","","",0,0,0,0,0,0,0,,,,,,1368514414505193475,Caroline,carolinecapital,"","crypto trader, effective altruist. not financial advice",,63528,143,640,87,71,false,false,false,2021-03-07 10:51:55,"",""
1379037246645362692,https://twitter.com/carolinecapital/status/1379037246645362692,2021-04-05 11:44:35,Reply,and then after that the hike was good! my body had no problem making the countless exertions of effort involved in ascending to a much higher elevation using only my own muscles! but the effort to get off the couch and move to a standing position is somehow Herculean,267,Twitter Web App,https://mobile.twitter.com,10,238,3,4,en,,carolinecapital,"","","","",0,0,0,0,0,0,0,,,,,,1368514414505193475,Caroline,carolinecapital,"","crypto trader, effective altruist. not financial advice",,63528,143,640,87,71,false,false,false,2021-03-07 10:51:55,"",""
1379036720885194757,https://twitter.com/carolinecapital/status/1379036720885194757,2021-04-05 11:42:30,Reply,"the dumbest thing is: this morning, I was lying on the couch reading a book. then I decided to go for a hike. but it took me like ... a half an hour from that point to muster the energy and motivation to actually get up from the couch",234,Twitter Web App,https://mobile.twitter.com,12,197,5,5,en,,carolinecapital,"","","","",0,0,0,0,0,0,0,,,,,,1368514414505193475,Caroline,carolinecapital,"","crypto trader, effective altruist. not financial advice",,63528,143,640,87,71,false,false,false,2021-03-07 10:51:55,"",""
1379036346300305408,https://twitter.com/carolinecapital/status/1379036346300305408,2021-04-05 11:41:00,Tweet,"nothing like regular amphetamine use to make you appreciate how dumb a lot of normal, non-medicated human experience is",119,Twitter Web App,https://mobile.twitter.com,502,1946,696,205,en,,,"","","","",0,0,0,0,0,0,0,,,,,,1368514414505193475,Caroline,carolinecapital,"","crypto trader, effective altruist. not financial advice",,63528,143,640,87,71,false,false,false,2021-03-07 10:51:55,"",""
1373682411867795460,https://twitter.com/carolinecapital/status/1373682411867795460,2021-03-21 17:06:23,Reply,"it just ... makes you think about the value of having Something to Protect like what could I do if my child's life were on the line and why am I not doing it already, etc",172,Twitter Web App,https://mobile.twitter.com,11,36,0,11,en,,carolinecapital,"","","","",0,0,0,0,0,0,0,,,,,,1368514414505193475,Caroline,carolinecapital,"","crypto trader, effective altruist. not financial advice",,63528,143,640,87,71,false,false,false,2021-03-07 10:51:55,"",""
1373681934161768450,https://twitter.com/carolinecapital/status/1373681934161768450,2021-03-21 17:04:29,Quote,"this story keeps haunting me like this guy and his wife were programmers, but when their daughter was born with a genetic disease they spent the next year becoming experts in a totally new field so they could work on the cutting edge of it developing new treatments to save her",278,Twitter Web App,https://mobile.twitter.com,10,32,0,6,en,,,"","","","",0,0,0,0,0,0,0,,,,,,1368514414505193475,Caroline,carolinecapital,"","crypto trader, effective altruist. not financial advice",,63528,143,640,87,71,false,false,false,2021-03-07 10:51:55,"",""
1370581509866807300,https://twitter.com/carolinecapital/status/1370581509866807300,2021-03-13 03:44:30,Reply,anyway I gave up wearing pants for New Year's and it's going great so far,73,Twitter Web App,https://mobile.twitter.com,11,15,6,8,en,,carolinecapital,"","","","",0,0,0,0,0,0,0,,,,,,1368514414505193475,Caroline,carolinecapital,"","crypto trader, effective altruist. not financial advice",,63528,143,640,87,71,false,false,false,2021-03-07 10:51:55,"",""
1370581378832633860,https://twitter.com/carolinecapital/status/1370581378832633860,2021-03-13 03:43:59,Reply,this is much easier because it requires no willpower,52,Twitter Web App,https://mobile.twitter.com,9,7,0,6,en,,carolinecapital,"","","","",0,0,0,0,0,0,0,,,,,,1368514414505193475,Caroline,carolinecapital,"","crypto trader, effective altruist. not financial advice",,63528,143,640,87,71,false,false,false,2021-03-07 10:51:55,"",""
1370581283907149828,https://twitter.com/carolinecapital/status/1370581283907149828,2021-03-13 03:43:36,Tweet,"for New Year's resolutions most people pick something they think they should do, but don't, and try to do it imo an underrated strategy is to do the opposite: find something that you do because you feel like you should, but don't actually want to, and stop",257,Twitter Web App,https://mobile.twitter.com,11,26,1,7,en,,,"","","","",0,0,0,0,0,0,0,,,,,,1368514414505193475,Caroline,carolinecapital,"","crypto trader, effective altruist. not financial advice",,63528,143,640,87,71,false,false,false,2021-03-07 10:51:55,"",""
1368932301225140230,https://twitter.com/carolinecapital/status/1368932301225140230,2021-03-08 14:31:08,Tweet,"man it's weird to look back at like 2014-2017 when we were all like ""is this Peak Feminism or will it just keep ... going ... forever"" and realize yep. it was the peak https://t.co/l6m4N5H2aY",167,Twitter Web App,https://mobile.twitter.com,12,23,3,10,en,false,,"","","","",0,0,0,1,0,0,0,,photo,https://pbs.twimg.com/media/Ev9r7ysVcAQz0Yp.jpg,"",,1368514414505193475,Caroline,carolinecapital,"","crypto trader, effective altruist. not financial advice",,63528,143,640,87,71,false,false,false,2021-03-07 10:51:55,"",""
1368565007378608137,https://twitter.com/carolinecapital/status/1368565007378608137,2021-03-07 14:11:39,Reply,@theemilyaccount oh phew thank you,34,Twitter Web App,https://mobile.twitter.com,0,3,0,1,en,,theemilyaccount,theemilyaccount,"","","",1,0,0,0,0,0,0,,,,,,1368514414505193475,Caroline,carolinecapital,"","crypto trader, effective altruist. not financial advice",,63528,143,640,87,71,false,false,false,2021-03-07 10:51:55,"",""
1368533253678788608,https://twitter.com/carolinecapital/status/1368533253678788608,2021-03-07 12:05:28,Quote,p annoyed this girl took the entire vibe I had been planning for my twitter persona,83,Twitter Web App,https://mobile.twitter.com,12,21,3,3,en,,,"","","","",0,0,0,0,0,0,0,,,,,,1368514414505193475,Caroline,carolinecapital,"","crypto trader, effective altruist. not financial advice",,63528,143,640,87,71,false,false,false,2021-03-07 10:51:55,"",""
1368528742889390088,https://twitter.com/carolinecapital/status/1368528742889390088,2021-03-07 11:47:32,Tweet,also relatable is the point where he realizes he's been wasting time trying to trade back and forth for a few points of edge and the way to really make money is figure out when the market is going to go up and get balls long before that,236,Twitter Web App,https://mobile.twitter.com,36,162,32,16,en,,,"","","","",0,0,0,0,0,0,0,,,,,,1368514414505193475,Caroline,carolinecapital,"","crypto trader, effective altruist. not financial advice",,63528,143,640,87,71,false,false,false,2021-03-07 10:51:55,"",""
1368528490333532162,https://twitter.com/carolinecapital/status/1368528490333532162,2021-03-07 11:46:32,Tweet,"reading Reminisces of a Stock Operator and it's disturbingly relatable ""For years I had been the victim of an unfortunate combination of inexperience, youth, and insufficient capital."" same tbh",194,Twitter Web App,https://mobile.twitter.com,118,592,61,45,en,,,"","","","",0,0,0,0,0,0,0,,,,,,1368514414505193475,Caroline,carolinecapital,"","crypto trader, effective altruist. not financial advice",,63528,143,640,87,71,false,false,false,2021-03-07 10:51:55,"",""
