Tweet ID,Tweet URL,Tweet Type,Media Type,Media URL,Media Alt Text
1589003612428328960,https://twitter.com/AlamedaTrabucco/status/1589003612428328960,Tweet,photo,https://pbs.twimg.com/media/Fg1GXTDVUAAYXCh.jpg,
1587852355168399360,https://twitter.com/AlamedaTrabucco/status/1587852355168399360,Reply,animated_gif,https://video.twimg.com/tweet_video/FgkvTKhVIAATJ2q.mp4,
1587254617439670273,https://twitter.com/AlamedaTrabucco/status/1587254617439670273,Reply,animated_gif,https://video.twimg.com/tweet_video/FgcPqNOXEAMOpub.mp4,
1585418310363271173,https://twitter.com/AlamedaTrabucco/status/1585418310363271173,Tweet,photo,https://pbs.twimg.com/media/FgCJgEYWQAI5TyI.png,
1583670081527029761,https://twitter.com/AlamedaTrabucco/status/1583670081527029761,Reply,animated_gif,https://video.twimg.com/tweet_video/FfpTiPhXoAAc1wa.mp4,Bh187 Spongebob GIF
1577873408729153536,https://twitter.com/AlamedaTrabucco/status/1577873408729153536,Tweet,photo,https://pbs.twimg.com/media/FeW7gKqXwAIYtQO.jpg,
1577712827552469005,https://twitter.com/AlamedaTrabucco/status/1577712827552469005,Reply,animated_gif,https://video.twimg.com/tweet_video/FeUpc8iXkAwRX7N.mp4,Relaxing The Pet Collective GIF
1575193667500855296,https://twitter.com/AlamedaTrabucco/status/1575193667500855296,Reply,animated_gif,https://video.twimg.com/tweet_video/Fdw2SjrUcAAXH4b.mp4,Welcome Captain GIF
1574809830706933761,https://twitter.com/AlamedaTrabucco/status/1574809830706933761,Reply,photo,https://pbs.twimg.com/media/FdrZMZ7UcAgwBqO.jpg,
1567974599186317312,https://twitter.com/AlamedaTrabucco/status/1567974599186317312,Reply,photo,https://pbs.twimg.com/media/FcKQljvWAAECefX.jpg,
1567211346084728833,https://twitter.com/AlamedaTrabucco/status/1567211346084728833,Reply,animated_gif,https://video.twimg.com/tweet_video/Fb_aaImWQAA8wT6.mp4,disney lying GIF
1567207954897584132,https://twitter.com/AlamedaTrabucco/status/1567207954897584132,Reply,animated_gif,https://video.twimg.com/tweet_video/Fb_XU2DWYAEMS1B.mp4,Bye Sticker Goodbye Sticker GIF
1565399681785528320,https://twitter.com/AlamedaTrabucco/status/1565399681785528320,Reply,animated_gif,https://video.twimg.com/tweet_video/FblqtiqXoAANrJs.mp4,Girls Waving On A Boat GIF
1564822107023974400,https://twitter.com/AlamedaTrabucco/status/1564822107023974400,Reply,animated_gif,https://video.twimg.com/tweet_video/FbddaSCXoAAQafh.mp4,Disgusted Season 6 GIF by Brooklyn Nine-Nine
1563237569823125504,https://twitter.com/AlamedaTrabucco/status/1563237569823125504,Reply,animated_gif,https://video.twimg.com/tweet_video/FbG8SA4VEAAWA9G.mp4,spongebob squarepants sleeping GIF
1553140898057179136,https://twitter.com/AlamedaTrabucco/status/1553140898057179136,Reply,photo,https://pbs.twimg.com/media/FY3cq2rVUAAAxVi.jpg,
1546625519935885312,https://twitter.com/AlamedaTrabucco/status/1546625519935885312,Tweet,photo,https://pbs.twimg.com/media/FXa3tgHUEAAaf4h.jpg,
1546584304200794112,https://twitter.com/AlamedaTrabucco/status/1546584304200794112,Tweet,photo,https://pbs.twimg.com/media/FXaQ7WzVEAA0ZFF.jpg,
1543311241912786944,https://twitter.com/AlamedaTrabucco/status/1543311241912786944,Reply,animated_gif,https://video.twimg.com/tweet_video/FWrxZE8UsAAyntt.mp4,
1541924742265012228,https://twitter.com/AlamedaTrabucco/status/1541924742265012228,Reply,photo,https://pbs.twimg.com/media/FWYEYAHXwAkujjy.jpg,
1541916757400514560,https://twitter.com/AlamedaTrabucco/status/1541916757400514560,Reply,photo,https://pbs.twimg.com/media/FWX9HDEWYAAnW4-.jpg,
1541910624623632388,https://twitter.com/AlamedaTrabucco/status/1541910624623632388,Tweet,photo,https://pbs.twimg.com/media/FWX3iGJWYAAr_1D.jpg,
1538193052245938177,https://twitter.com/AlamedaTrabucco/status/1538193052245938177,Reply,photo,https://pbs.twimg.com/media/FVjCbaBWQAIWHMH.jpg,
1532848657187340289,https://twitter.com/AlamedaTrabucco/status/1532848657187340289,Tweet,photo,https://pbs.twimg.com/media/FUXFuvZWYAEfT_T.jpg,
1531999183317647360,https://twitter.com/AlamedaTrabucco/status/1531999183317647360,Reply,animated_gif,https://video.twimg.com/tweet_video/FULBIoeWQAY9DXR.mp4,Sepio Bye Bye GIF
1525561380815835137,https://twitter.com/AlamedaTrabucco/status/1525561380815835137,Reply,animated_gif,https://video.twimg.com/tweet_video/FSvh_QqUEAAd69-.mp4,Cartoon Thinking GIF by SpongeBob SquarePants
1524880463285800961,https://twitter.com/AlamedaTrabucco/status/1524880463285800961,Reply,animated_gif,https://video.twimg.com/tweet_video/FSl2soGVsAETqH0.mp4,Neojno Kai GIF
1524802810029563914,https://twitter.com/AlamedaTrabucco/status/1524802810029563914,Tweet,photo,https://pbs.twimg.com/media/FSkvgB9UYAMOo-R.png,
1518013560688889862,https://twitter.com/AlamedaTrabucco/status/1518013560688889862,Reply,animated_gif,https://video.twimg.com/tweet_video/FRERSSRXEAApkkB.mp4,Meryl Streep Booo GIF
1517975970384330752,https://twitter.com/AlamedaTrabucco/status/1517975970384330752,Reply,animated_gif,https://video.twimg.com/tweet_video/FRDvGQSWUAA9r1N.mp4,Spongebob And Sandy Hugging GIF
1508404947217526793,https://twitter.com/AlamedaTrabucco/status/1508404947217526793,Reply,animated_gif,https://video.twimg.com/tweet_video/FO7uTY2XoAkXVaT.mp4,
1507076958257094659,https://twitter.com/AlamedaTrabucco/status/1507076958257094659,Reply,animated_gif,https://video.twimg.com/tweet_video/FOo2gIjXsAUiyz9.mp4,Big Brain Super Smart GIF
1507075820996730881,https://twitter.com/AlamedaTrabucco/status/1507075820996730881,Reply,animated_gif,https://video.twimg.com/tweet_video/FOo1d6gXIAQ_BDv.mp4,Muppets Twoold GIF
1507052041927114757,https://twitter.com/AlamedaTrabucco/status/1507052041927114757,Reply,animated_gif,https://video.twimg.com/tweet_video/FOof160XMAMRnOQ.mp4,Patrick Star Dumb GIF
1506299400984965133,https://twitter.com/AlamedaTrabucco/status/1506299400984965133,Reply,animated_gif,https://video.twimg.com/tweet_video/FOdzUdfXIA4fdxf.mp4,Our Little Boy Is Growing Up They Grow Up So Fast GIF
1503737070686154758,https://twitter.com/AlamedaTrabucco/status/1503737070686154758,Reply,animated_gif,https://video.twimg.com/tweet_video/FN5Y5RJVUAUWv99.mp4,Spongebob GIF
1501647711048810498,https://twitter.com/AlamedaTrabucco/status/1501647711048810498,Reply,animated_gif,https://video.twimg.com/tweet_video/FNbsobaWQAg9vMH.mp4,Unimpressed Sea GIF by SpongeBob SquarePants
1501647703612211201,https://twitter.com/AlamedaTrabucco/status/1501647703612211201,Reply,animated_gif,https://video.twimg.com/tweet_video/FNbsn_ZXsAICMng.mp4,Carmelo Anthony Rebound GIF
1501647688928043011,https://twitter.com/AlamedaTrabucco/status/1501647688928043011,Reply,photo,https://pbs.twimg.com/media/FNbSxgpXwAMiqnL.png,
1501647684863729673,https://twitter.com/AlamedaTrabucco/status/1501647684863729673,Reply,photo,https://pbs.twimg.com/media/FNbSRiMVEAI9E1z.png,
1501647681055244292,https://twitter.com/AlamedaTrabucco/status/1501647681055244292,Reply,animated_gif,https://video.twimg.com/tweet_video/FNbsmpBVIAEaTbI.mp4,Independent GIF
1501647668933705734,https://twitter.com/AlamedaTrabucco/status/1501647668933705734,Reply,photo,https://pbs.twimg.com/media/FNbQz_lVEAAVEvb.png,
1501647668933705734,https://twitter.com/AlamedaTrabucco/status/1501647668933705734,Reply,photo,https://pbs.twimg.com/media/FNbQ10KWUAEYT56.png,
1498763817140035585,https://twitter.com/AlamedaTrabucco/status/1498763817140035585,Reply,animated_gif,https://video.twimg.com/tweet_video/FMytvvRWYAECrsK.mp4,Eyebrows Raising GIF
1490884702731108355,https://twitter.com/AlamedaTrabucco/status/1490884702731108355,Tweet,animated_gif,https://video.twimg.com/tweet_video/FLCvu7PXsAAKREb.mp4,
1483172697005715457,https://twitter.com/AlamedaTrabucco/status/1483172697005715457,Reply,animated_gif,https://video.twimg.com/tweet_video/FJVJtFMVEAEgtQu.mp4,dumb patrick star GIF by SpongeBob SquarePants
1482885606615044097,https://twitter.com/AlamedaTrabucco/status/1482885606615044097,Reply,animated_gif,https://video.twimg.com/tweet_video/FJREmQLVUAAx2u_.mp4,
1478854061050847232,https://twitter.com/AlamedaTrabucco/status/1478854061050847232,Tweet,photo,https://pbs.twimg.com/media/FIXx7ThVcAE-rSD.jpg,
1474925775140769793,https://twitter.com/AlamedaTrabucco/status/1474925775140769793,Tweet,photo,https://pbs.twimg.com/media/FHf9LFxX0Ac7k3Y.jpg,
1469091822215516163,https://twitter.com/AlamedaTrabucco/status/1469091822215516163,Tweet,photo,https://pbs.twimg.com/media/FGNDOdvXIAEqdFH.jpg,
1468642445244129284,https://twitter.com/AlamedaTrabucco/status/1468642445244129284,Tweet,photo,https://pbs.twimg.com/media/FGGPQVaXMAYWigv.jpg,
1468642445244129284,https://twitter.com/AlamedaTrabucco/status/1468642445244129284,Tweet,photo,https://pbs.twimg.com/media/FGGqDw1XoAU4Mt7.png,
1468610604982312967,https://twitter.com/AlamedaTrabucco/status/1468610604982312967,Tweet,photo,https://pbs.twimg.com/media/FGGNNuVXoAMOKip.png,
1468604318723063821,https://twitter.com/AlamedaTrabucco/status/1468604318723063821,Tweet,photo,https://pbs.twimg.com/media/FGGHN9AXEAIXV3Z.png,
1468294440758517764,https://twitter.com/AlamedaTrabucco/status/1468294440758517764,Tweet,photo,https://pbs.twimg.com/media/FGBuAfRX0Acnqj4.jpg,
1467266714006077440,https://twitter.com/AlamedaTrabucco/status/1467266714006077440,Reply,animated_gif,https://video.twimg.com/tweet_video/FFzHTDYXwAcHgxT.mp4,Maya Rudolph Judging You GIF by Saturday Night Live
1467219768885272579,https://twitter.com/AlamedaTrabucco/status/1467219768885272579,Reply,animated_gif,https://video.twimg.com/tweet_video/FFycme2WUAcXtTQ.mp4,Rebecca Black Fun GIF
1467219761197113362,https://twitter.com/AlamedaTrabucco/status/1467219761197113362,Reply,animated_gif,https://video.twimg.com/tweet_video/FFycmAPWUAQAKbJ.mp4,Rocket Lift Off GIF
1467219750489141250,https://twitter.com/AlamedaTrabucco/status/1467219750489141250,Reply,animated_gif,https://video.twimg.com/tweet_video/FFyclaQXIAc9xBd.mp4,Pay Day Money GIF by MOST EXPENSIVEST
1467219743690141698,https://twitter.com/AlamedaTrabucco/status/1467219743690141698,Reply,photo,https://pbs.twimg.com/media/FFyanRlX0AMbk5b.png,
1467219735746121733,https://twitter.com/AlamedaTrabucco/status/1467219735746121733,Reply,animated_gif,https://video.twimg.com/tweet_video/FFyckSOXMA4gZCK.mp4,Raft Flip Fail GIF
1467219723905556491,https://twitter.com/AlamedaTrabucco/status/1467219723905556491,Reply,photo,https://pbs.twimg.com/media/FFyYrxeXEAEHKtY.png,
1467219719589703682,https://twitter.com/AlamedaTrabucco/status/1467219719589703682,Reply,photo,https://pbs.twimg.com/media/FFyYdOBXIAM-fR-.png,
1467219711830151178,https://twitter.com/AlamedaTrabucco/status/1467219711830151178,Quote,photo,https://pbs.twimg.com/media/FFyXWDmWQAYGxcC.png,
1465830664595456003,https://twitter.com/AlamedaTrabucco/status/1465830664595456003,Reply,animated_gif,https://video.twimg.com/tweet_video/FFetN9UXwAgHilN.mp4,Thinking Tap GIF
1465806119536836609,https://twitter.com/AlamedaTrabucco/status/1465806119536836609,Reply,animated_gif,https://video.twimg.com/tweet_video/FFeW5QHXIAUzBg7.mp4,
1465806110581997571,https://twitter.com/AlamedaTrabucco/status/1465806110581997571,Reply,animated_gif,https://video.twimg.com/tweet_video/FFeW4uGX0AApsIf.mp4,Early Bird GIF
1465806103015575562,https://twitter.com/AlamedaTrabucco/status/1465806103015575562,Reply,animated_gif,https://video.twimg.com/tweet_video/FFeW4SKXEAQQpRC.mp4, 
1465806093997727745,https://twitter.com/AlamedaTrabucco/status/1465806093997727745,Reply,photo,https://pbs.twimg.com/media/FFeUVXjWUBYwwnk.png,
1465806087773425664,https://twitter.com/AlamedaTrabucco/status/1465806087773425664,Reply,photo,https://pbs.twimg.com/media/FFeTyWVX0Ag63H-.png,
1465806083692408838,https://twitter.com/AlamedaTrabucco/status/1465806083692408838,Reply,animated_gif,https://video.twimg.com/tweet_video/FFeW3HBXIAoaohI.mp4,Tigger Bounce GIF
1465806075580624900,https://twitter.com/AlamedaTrabucco/status/1465806075580624900,Reply,animated_gif,https://video.twimg.com/tweet_video/FFeW2rUX0BMmDhV.mp4,Education Is Key GIF
1465806065195487236,https://twitter.com/AlamedaTrabucco/status/1465806065195487236,Reply,photo,https://pbs.twimg.com/media/FFeSqnZXEA4n1OK.png,
1465806059445141504,https://twitter.com/AlamedaTrabucco/status/1465806059445141504,Reply,photo,https://pbs.twimg.com/media/FFeRr-fXIAMjCH1.png,
1465806054630076420,https://twitter.com/AlamedaTrabucco/status/1465806054630076420,Reply,photo,https://pbs.twimg.com/media/FFeRN7GXMAQgu6C.png,
1465806050649681921,https://twitter.com/AlamedaTrabucco/status/1465806050649681921,Reply,animated_gif,https://video.twimg.com/tweet_video/FFeW1PQXwAwAPAx.mp4,Buffy Chair Naughty GIF
1465806043078746114,https://twitter.com/AlamedaTrabucco/status/1465806043078746114,Reply,photo,https://pbs.twimg.com/media/FFd8KDFXoAUa0uD.png,
1465806038301659143,https://twitter.com/AlamedaTrabucco/status/1465806038301659143,Reply,photo,https://pbs.twimg.com/media/FFd7hpVXIAUJekc.png,
1465806032886767622,https://twitter.com/AlamedaTrabucco/status/1465806032886767622,Tweet,photo,https://pbs.twimg.com/media/FFeUa6AWQAEVNn7.jpg,
1465413257699766280,https://twitter.com/AlamedaTrabucco/status/1465413257699766280,Tweet,photo,https://pbs.twimg.com/media/FFYxcCSWYAMENFP.png,
1463996785354055680,https://twitter.com/AlamedaTrabucco/status/1463996785354055680,Reply,photo,https://pbs.twimg.com/media/FFEoJOFX0AIfPRo.jpg,
1463996773710577666,https://twitter.com/AlamedaTrabucco/status/1463996773710577666,Reply,photo,https://pbs.twimg.com/media/FFEmO-IWYAIUfW_.png,
1463996769709211648,https://twitter.com/AlamedaTrabucco/status/1463996769709211648,Reply,animated_gif,https://video.twimg.com/tweet_video/FFEpS7tXwAIA1DB.mp4,Cup Coffee GIF
1459750091061805059,https://twitter.com/AlamedaTrabucco/status/1459750091061805059,Tweet,photo,https://pbs.twimg.com/media/FEIS-GXVkAUGI1i.jpg,
1458663217425649668,https://twitter.com/AlamedaTrabucco/status/1458663217425649668,Tweet,photo,https://pbs.twimg.com/media/FD42dHNVQAc3Iex.jpg,
1458559359902912515,https://twitter.com/AlamedaTrabucco/status/1458559359902912515,Reply,photo,https://pbs.twimg.com/media/FD3X-w6VgAAqdJd.jpg,
1458554203920474115,https://twitter.com/AlamedaTrabucco/status/1458554203920474115,Tweet,photo,https://pbs.twimg.com/media/FD3QnyZUUAM7Ytx.jpg,
1457850106519048198,https://twitter.com/AlamedaTrabucco/status/1457850106519048198,Tweet,photo,https://pbs.twimg.com/media/FDtS8OSVgAELGeq.jpg,
1456711729761505280,https://twitter.com/AlamedaTrabucco/status/1456711729761505280,Reply,photo,https://pbs.twimg.com/media/FDdHmRQVEAAimGn.jpg,
1455731256763699202,https://twitter.com/AlamedaTrabucco/status/1455731256763699202,Reply,animated_gif,https://video.twimg.com/tweet_video/FDPL3DjVIAUrqyZ.mp4,Ice Cream Thats Sweet GIF
1454961349004464135,https://twitter.com/AlamedaTrabucco/status/1454961349004464135,Tweet,photo,https://pbs.twimg.com/media/FDEPopXVEAATSLh.jpg,
1451281820922884105,https://twitter.com/AlamedaTrabucco/status/1451281820922884105,Reply,animated_gif,https://video.twimg.com/tweet_video/FCP9Hz9XMAYM4I9.mp4,Evolution GIF
1450955973561040901,https://twitter.com/AlamedaTrabucco/status/1450955973561040901,Reply,animated_gif,https://video.twimg.com/tweet_video/FCLUxAJX0A0nYo6.mp4,Welcome Captain GIF
1450955965726081037,https://twitter.com/AlamedaTrabucco/status/1450955965726081037,Reply,animated_gif,https://video.twimg.com/tweet_video/FCLUwibXsAICjU7.mp4,Elmo Shrug GIF
1450955956343480322,https://twitter.com/AlamedaTrabucco/status/1450955956343480322,Reply,photo,https://pbs.twimg.com/media/FCLS2OCWQAU1WFW.png,
1450955951641616385,https://twitter.com/AlamedaTrabucco/status/1450955951641616385,Reply,animated_gif,https://video.twimg.com/tweet_video/FCLUvdeWYAQPog8.mp4,Where Will We Go Koffee GIF
1450955938983301120,https://twitter.com/AlamedaTrabucco/status/1450955938983301120,Reply,photo,https://pbs.twimg.com/media/FCLSSrpWEAIfKeD.jpg,
1450955933966913536,https://twitter.com/AlamedaTrabucco/status/1450955933966913536,Reply,photo,https://pbs.twimg.com/media/FCLQiyGWUAAJkJb.jpg,
1450955930645012490,https://twitter.com/AlamedaTrabucco/status/1450955930645012490,Reply,animated_gif,https://video.twimg.com/tweet_video/FCLUufeXIAAMm-W.mp4,Good News GIF
1450955916745003014,https://twitter.com/AlamedaTrabucco/status/1450955916745003014,Tweet,photo,https://pbs.twimg.com/media/FCLUaOcWQAA3-Rx.jpg,
1450899186841530375,https://twitter.com/AlamedaTrabucco/status/1450899186841530375,Tweet,animated_gif,https://video.twimg.com/tweet_video/FCKhHkpXEA0pgs7.mp4,No Family Guy GIF
1450296417394778112,https://twitter.com/AlamedaTrabucco/status/1450296417394778112,Tweet,photo,https://pbs.twimg.com/media/FCB858JXsAIAV0O.jpg,
1449118637206515712,https://twitter.com/AlamedaTrabucco/status/1449118637206515712,Quote,animated_gif,https://video.twimg.com/tweet_video/FBxNt8gXIAIBNes.mp4,He Loves Me Not Picking Petals Off AFlower GIF
1445565225588060173,https://twitter.com/AlamedaTrabucco/status/1445565225588060173,Reply,photo,https://pbs.twimg.com/media/FA-t6VxVUAAdRkg.jpg,
1445534680661389327,https://twitter.com/AlamedaTrabucco/status/1445534680661389327,Reply,photo,https://pbs.twimg.com/media/FA-QlISUYAI3DRn.jpg,
1440523444651638789,https://twitter.com/AlamedaTrabucco/status/1440523444651638789,Tweet,photo,https://pbs.twimg.com/media/E_3EN76VQAA68tZ.jpg,
1435423626983972865,https://twitter.com/AlamedaTrabucco/status/1435423626983972865,Reply,animated_gif,https://video.twimg.com/tweet_video/E-umLcxVgAIzv1f.mp4,Blake Anderson Workaholics GIF
1435423618716954626,https://twitter.com/AlamedaTrabucco/status/1435423618716954626,Reply,photo,https://pbs.twimg.com/media/E-ue0IXUUAY_dua.png,
1435423614514319360,https://twitter.com/AlamedaTrabucco/status/1435423614514319360,Reply,photo,https://pbs.twimg.com/media/E-ueLZaVgAM9017.jpg,
1435423609766354947,https://twitter.com/AlamedaTrabucco/status/1435423609766354947,Reply,animated_gif,https://video.twimg.com/tweet_video/E-umKcPUUAEro51.mp4,Fear What GIF by Minions
1435423603000963073,https://twitter.com/AlamedaTrabucco/status/1435423603000963073,Reply,photo,https://pbs.twimg.com/media/E-ukqXUVgAAv2ee.jpg,
1435423599691636740,https://twitter.com/AlamedaTrabucco/status/1435423599691636740,Reply,photo,https://pbs.twimg.com/media/E-ukUldVEAEpTuN.jpg,
1435423595539275778,https://twitter.com/AlamedaTrabucco/status/1435423595539275778,Reply,animated_gif,https://video.twimg.com/tweet_video/E-umJnxVcAEGHlZ.mp4,Subarru446 GIF
1435423587180052480,https://twitter.com/AlamedaTrabucco/status/1435423587180052480,Reply,animated_gif,https://video.twimg.com/tweet_video/E-umJIRVcAA6omD.mp4,Getting High GIF by Paramount+
1435423577889595392,https://twitter.com/AlamedaTrabucco/status/1435423577889595392,Reply,photo,https://pbs.twimg.com/media/E-uY862VgAI-F3k.jpg,
1435423574450339841,https://twitter.com/AlamedaTrabucco/status/1435423574450339841,Reply,photo,https://pbs.twimg.com/media/E-uYf0rUcAAndXV.jpg,
1435423571531108355,https://twitter.com/AlamedaTrabucco/status/1435423571531108355,Tweet,photo,https://pbs.twimg.com/media/E-uUrBdVcAAfjZk.jpg,
1433127990632738818,https://twitter.com/AlamedaTrabucco/status/1433127990632738818,Tweet,photo,https://pbs.twimg.com/media/E-N-TyqUcAEU26A.jpg,
1432816546334658565,https://twitter.com/AlamedaTrabucco/status/1432816546334658565,Reply,animated_gif,https://video.twimg.com/tweet_video/E-JjDWNVQAAalG7.mp4,Lottery Lotto GIF
1432816538776600584,https://twitter.com/AlamedaTrabucco/status/1432816538776600584,Reply,animated_gif,https://video.twimg.com/tweet_video/E-JjC4vVUAAIcyO.mp4,Paris Hilton Thats Hot GIF
1432816525983944705,https://twitter.com/AlamedaTrabucco/status/1432816525983944705,Reply,animated_gif,https://video.twimg.com/tweet_video/E-JjCKKVgAYkMLx.mp4,Harry Potter Hogwarts Express GIF
1432816513598177284,https://twitter.com/AlamedaTrabucco/status/1432816513598177284,Reply,animated_gif,https://video.twimg.com/tweet_video/E-JjBK3VQAE_6GH.mp4,This Is Us Rebecca Pearson GIF
1432816497903091714,https://twitter.com/AlamedaTrabucco/status/1432816497903091714,Reply,animated_gif,https://video.twimg.com/tweet_video/E-JjAhlVcAAoCRn.mp4,GIF by beckadoodles
1432816490261090312,https://twitter.com/AlamedaTrabucco/status/1432816490261090312,Reply,animated_gif,https://video.twimg.com/tweet_video/E-JjAFyVcAEb2sw.mp4,Disco Janet GIF
1432467297348714500,https://twitter.com/AlamedaTrabucco/status/1432467297348714500,Tweet,photo,https://pbs.twimg.com/media/E-ElVxBVkAoWznm.jpg,
1428442101964886020,https://twitter.com/AlamedaTrabucco/status/1428442101964886020,Reply,animated_gif,https://video.twimg.com/tweet_video/E9LYhLSVUAEZp9G.mp4,The Horror GIF
1426338674732503044,https://twitter.com/AlamedaTrabucco/status/1426338674732503044,Reply,animated_gif,https://video.twimg.com/tweet_video/E8tfdUcUYAEE0V6.mp4,Marathon GIF by memecandy
1426338661096845312,https://twitter.com/AlamedaTrabucco/status/1426338661096845312,Reply,animated_gif,https://video.twimg.com/tweet_video/E8tfcyaVEAcVtzV.mp4,Pepe Coin GIF
1426338651504451584,https://twitter.com/AlamedaTrabucco/status/1426338651504451584,Reply,animated_gif,https://video.twimg.com/tweet_video/E8tfcKGVoAESLWP.mp4,Dog Doggo GIF
1426338641165524996,https://twitter.com/AlamedaTrabucco/status/1426338641165524996,Reply,animated_gif,https://video.twimg.com/tweet_video/E8tfboTUcAQ40VD.mp4,National Tequila Day GIF by GIFiday
1426338630658781189,https://twitter.com/AlamedaTrabucco/status/1426338630658781189,Reply,animated_gif,https://video.twimg.com/tweet_video/E8tfbBYVkAc8eXC.mp4,Touchdown Dance GIF
1426338621347405824,https://twitter.com/AlamedaTrabucco/status/1426338621347405824,Reply,animated_gif,https://video.twimg.com/tweet_video/E8tfaeRUcAIa2L1.mp4,Math Hangover GIF
1426338611528560641,https://twitter.com/AlamedaTrabucco/status/1426338611528560641,Reply,animated_gif,https://video.twimg.com/tweet_video/E8tfZpXVUAAR3ks.mp4,new england patriots nfl GIF
1426338599465754624,https://twitter.com/AlamedaTrabucco/status/1426338599465754624,Reply,animated_gif,https://video.twimg.com/tweet_video/E8tfZNMVcAAFdoH.mp4,Survivor Tribe Has Spoken GIF
1426338589160341505,https://twitter.com/AlamedaTrabucco/status/1426338589160341505,Reply,animated_gif,https://video.twimg.com/tweet_video/E8tfYnRVkAE1FXf.mp4,Horrified Shocked GIF
1426338568323039234,https://twitter.com/AlamedaTrabucco/status/1426338568323039234,Tweet,photo,https://pbs.twimg.com/media/E8svoejVUAARoTP.png,
1426338568323039234,https://twitter.com/AlamedaTrabucco/status/1426338568323039234,Tweet,photo,https://pbs.twimg.com/media/E8svugLUcAEWaxt.jpg,
1424850404584550427,https://twitter.com/AlamedaTrabucco/status/1424850404584550427,Reply,animated_gif,https://video.twimg.com/tweet_video/E8YV44aVcCA5zUy.mp4,Baboon Newspaper GIF
1424850396548263953,https://twitter.com/AlamedaTrabucco/status/1424850396548263953,Reply,photo,https://pbs.twimg.com/media/E8YUpHEVcBQHl7f.jpg,
1424850393528365079,https://twitter.com/AlamedaTrabucco/status/1424850393528365079,Reply,photo,https://pbs.twimg.com/media/E8YUarmVcBAoAn3.jpg,
1424850386054115334,https://twitter.com/AlamedaTrabucco/status/1424850386054115334,Reply,photo,https://pbs.twimg.com/media/E8YTOT_VcAUCpCX.jpg,
1424850382803529752,https://twitter.com/AlamedaTrabucco/status/1424850382803529752,Reply,photo,https://pbs.twimg.com/media/E8YStNYVcB4UtEO.jpg,
1424850378055557120,https://twitter.com/AlamedaTrabucco/status/1424850378055557120,Reply,animated_gif,https://video.twimg.com/tweet_video/E8YV3VmVcA0K2D4.mp4,Drill Nose GIF
1424850370241589267,https://twitter.com/AlamedaTrabucco/status/1424850370241589267,Reply,photo,https://pbs.twimg.com/media/E8YPz55VcBUktub.jpg,
1424850367280410638,https://twitter.com/AlamedaTrabucco/status/1424850367280410638,Reply,photo,https://pbs.twimg.com/media/E8YPFAHVcBQtw1w.jpg,
1424850364356980741,https://twitter.com/AlamedaTrabucco/status/1424850364356980741,Reply,photo,https://pbs.twimg.com/media/E8YMpGaVcBIOEOU.jpg,
1424850361320304677,https://twitter.com/AlamedaTrabucco/status/1424850361320304677,Tweet,photo,https://pbs.twimg.com/media/E8YVrwTVcCACO-3.jpg,
1424120017017212930,https://twitter.com/AlamedaTrabucco/status/1424120017017212930,Reply,animated_gif,https://video.twimg.com/tweet_video/E8N9mtPVoAANqnn.mp4,Girl Why Dont We Have Both GIF
1423096619877093379,https://twitter.com/AlamedaTrabucco/status/1423096619877093379,Tweet,photo,https://pbs.twimg.com/media/E7_a04UVIAMrXc9.png,
1423077844540739586,https://twitter.com/AlamedaTrabucco/status/1423077844540739586,Reply,photo,https://pbs.twimg.com/media/E7_JwCmUYAANeBL.jpg,
1422438452029652997,https://twitter.com/AlamedaTrabucco/status/1422438452029652997,Reply,animated_gif,https://video.twimg.com/tweet_video/E72EOwPVgAQVXs-.mp4,Câlin Collectif GIF
1420899223713710085,https://twitter.com/AlamedaTrabucco/status/1420899223713710085,Quote,photo,https://pbs.twimg.com/media/E7gMQB9VIAEhWAj.png,
1420749935473946635,https://twitter.com/AlamedaTrabucco/status/1420749935473946635,Reply,photo,https://pbs.twimg.com/media/E7eD-9aVEAM-KnA.png,
1420552521077067777,https://twitter.com/AlamedaTrabucco/status/1420552521077067777,Reply,photo,https://pbs.twimg.com/media/E7bQ-DVUYAAOPfk.png,
1420470087253856257,https://twitter.com/AlamedaTrabucco/status/1420470087253856257,Reply,photo,https://pbs.twimg.com/media/E7aGAo4VUAIyZvl.png,
1420243510133809152,https://twitter.com/AlamedaTrabucco/status/1420243510133809152,Reply,animated_gif,https://video.twimg.com/tweet_video/E7W38UFVIAwtuBm.mp4,I'm Ready GIF
1420243499497127942,https://twitter.com/AlamedaTrabucco/status/1420243499497127942,Reply,photo,https://pbs.twimg.com/media/E7W144pVoAAK66R.jpg,
1420243494623318016,https://twitter.com/AlamedaTrabucco/status/1420243494623318016,Reply,photo,https://pbs.twimg.com/media/E7W0VGzVoAIz1RI.jpg,
1420243491720888325,https://twitter.com/AlamedaTrabucco/status/1420243491720888325,Reply,animated_gif,https://video.twimg.com/tweet_video/E7W37QhVcAYBUl3.mp4,Crash Fail GIF by Red Bull
1420243482942218245,https://twitter.com/AlamedaTrabucco/status/1420243482942218245,Reply,photo,https://pbs.twimg.com/media/E7WzS8WUYAU-pTH.jpg,
1420243478064205824,https://twitter.com/AlamedaTrabucco/status/1420243478064205824,Reply,photo,https://pbs.twimg.com/media/E7WytzWUYAM2xmz.jpg,
1420243474188705793,https://twitter.com/AlamedaTrabucco/status/1420243474188705793,Reply,animated_gif,https://video.twimg.com/tweet_video/E7W359dVUAMd7ra.mp4,La Abeja GIF
1420243461685485569,https://twitter.com/AlamedaTrabucco/status/1420243461685485569,Reply,animated_gif,https://video.twimg.com/tweet_video/E7W35dVVUAQV391.mp4,spongebob squarepants sleeping GIF
1420243453657501696,https://twitter.com/AlamedaTrabucco/status/1420243453657501696,Reply,animated_gif,https://video.twimg.com/tweet_video/E7W35B-UYAALtDH.mp4,He Loves GIF
1420243445973610503,https://twitter.com/AlamedaTrabucco/status/1420243445973610503,Reply,photo,https://pbs.twimg.com/media/E7WXvqQVkAQGBrg.jpg,
1420243442311995396,https://twitter.com/AlamedaTrabucco/status/1420243442311995396,Tweet,photo,https://pbs.twimg.com/media/E7W32UlVcAoC7_B.jpg,
1420170372071059457,https://twitter.com/AlamedaTrabucco/status/1420170372071059457,Reply,photo,https://pbs.twimg.com/media/E7V1a8bVUAAWiBI.png,
1420169826551484416,https://twitter.com/AlamedaTrabucco/status/1420169826551484416,Reply,animated_gif,https://video.twimg.com/tweet_video/E7V07U0UYAIT1PC.mp4,Pepe Dance GIF
1419779114156781568,https://twitter.com/AlamedaTrabucco/status/1419779114156781568,Reply,photo,https://pbs.twimg.com/media/E7QRkXUVcBQh4RL.jpg,
1419726982816751617,https://twitter.com/AlamedaTrabucco/status/1419726982816751617,Tweet,photo,https://pbs.twimg.com/media/E7PiKc0VUAQViPI.png,
1418083024982269952,https://twitter.com/AlamedaTrabucco/status/1418083024982269952,Quote,animated_gif,https://video.twimg.com/tweet_video/E64K_jeVgAIwlz-.mp4,Hot Sauce Crying GIF by Taco Bell
1417692709117071362,https://twitter.com/AlamedaTrabucco/status/1417692709117071362,Reply,animated_gif,https://video.twimg.com/tweet_video/E6yoAItUcAQbN3M.mp4,My Feelings Thats Bull GIF
1417692437070286851,https://twitter.com/AlamedaTrabucco/status/1417692437070286851,Reply,animated_gif,https://video.twimg.com/tweet_video/E6ynwWzUcAU-ni-.mp4,Bih Okay GIF
1417692428685832196,https://twitter.com/AlamedaTrabucco/status/1417692428685832196,Reply,animated_gif,https://video.twimg.com/tweet_video/E6ynv3OUYAMbvuc.mp4,Subarru446 GIF
1417692421068967937,https://twitter.com/AlamedaTrabucco/status/1417692421068967937,Reply,animated_gif,https://video.twimg.com/tweet_video/E6ynvaYVcAILWFx.mp4,Stan Marsh America GIF by South Park
1417692412084772868,https://twitter.com/AlamedaTrabucco/status/1417692412084772868,Reply,animated_gif,https://video.twimg.com/tweet_video/E6ynuonVEAMZuwH.mp4,Breaking News GIF
1417692400017756167,https://twitter.com/AlamedaTrabucco/status/1417692400017756167,Tweet,photo,https://pbs.twimg.com/media/E6xvXD5UUAQ3Aff.jpg,
1416094568458579975,https://twitter.com/AlamedaTrabucco/status/1416094568458579975,Tweet,photo,https://pbs.twimg.com/media/E6b6gQ0VoAEb5vV.jpg,
1415901065606615040,https://twitter.com/AlamedaTrabucco/status/1415901065606615040,Reply,photo,https://pbs.twimg.com/media/E6ZKguBVgAUSZ4I.jpg,
1413622854759837697,https://twitter.com/AlamedaTrabucco/status/1413622854759837697,Reply,photo,https://pbs.twimg.com/media/E54yfrSVIAA0O4t.jpg,
1413621199209328640,https://twitter.com/AlamedaTrabucco/status/1413621199209328640,Reply,photo,https://pbs.twimg.com/media/E54w_TdVkAE4LTz.jpg,
1411103878930743298,https://twitter.com/AlamedaTrabucco/status/1411103878930743298,Reply,photo,https://pbs.twimg.com/media/E5U_fk4XMAM10Sg.jpg,
1411102118795255810,https://twitter.com/AlamedaTrabucco/status/1411102118795255810,Tweet,photo,https://pbs.twimg.com/media/E5U95a0WEAUuozD.jpg,
1407825373056823296,https://twitter.com/AlamedaTrabucco/status/1407825373056823296,Reply,photo,https://pbs.twimg.com/media/E4mZtfFVcAARIpq.png,
1407500234037501952,https://twitter.com/AlamedaTrabucco/status/1407500234037501952,Reply,animated_gif,https://video.twimg.com/tweet_video/E4hx_wqUUAEQ2JZ.mp4,treasure chest GIF by Archie Comics
1407500222452813824,https://twitter.com/AlamedaTrabucco/status/1407500222452813824,Reply,photo,https://pbs.twimg.com/media/E4hw-whVgAMscGs.png,
1407500218950582272,https://twitter.com/AlamedaTrabucco/status/1407500218950582272,Reply,photo,https://pbs.twimg.com/media/E4hvgpNVUAI_vgP.png,
1407500218950582272,https://twitter.com/AlamedaTrabucco/status/1407500218950582272,Reply,photo,https://pbs.twimg.com/media/E4hvljiVcAQYMSk.png,
1407500215586680833,https://twitter.com/AlamedaTrabucco/status/1407500215586680833,Reply,photo,https://pbs.twimg.com/media/E4hvCBHUUAIs46f.png,
1407500213174951940,https://twitter.com/AlamedaTrabucco/status/1407500213174951940,Reply,photo,https://pbs.twimg.com/media/E4humrpVgAYw3Ng.png,
1407500208888422403,https://twitter.com/AlamedaTrabucco/status/1407500208888422403,Reply,photo,https://pbs.twimg.com/media/E4hsyv0VEAERIHB.png,
1407500206069805057,https://twitter.com/AlamedaTrabucco/status/1407500206069805057,Reply,photo,https://pbs.twimg.com/media/E4hsaSMVgAI8nt9.jpg,
1407500202462695428,https://twitter.com/AlamedaTrabucco/status/1407500202462695428,Reply,animated_gif,https://video.twimg.com/tweet_video/E4hx979UcAA-iyY.mp4,this way nick GIF by Nickelodeon
1407500191188414468,https://twitter.com/AlamedaTrabucco/status/1407500191188414468,Reply,animated_gif,https://video.twimg.com/tweet_video/E4hx9jDUcAIJ67H.mp4,Calm Down Beyonce! GIF
1407500183496118278,https://twitter.com/AlamedaTrabucco/status/1407500183496118278,Reply,animated_gif,https://video.twimg.com/tweet_video/E4hx9GqUcAI-hbW.mp4,GIF by NETFLIX
1407500176348958723,https://twitter.com/AlamedaTrabucco/status/1407500176348958723,Reply,photo,https://pbs.twimg.com/media/E4hhndXUYAEYDyb.jpg,
1407500173052239878,https://twitter.com/AlamedaTrabucco/status/1407500173052239878,Reply,animated_gif,https://video.twimg.com/tweet_video/E4hx8emUcAEqd4V.mp4,Panic Time To Panic GIF
1405055165489500161,https://twitter.com/AlamedaTrabucco/status/1405055165489500161,Quote,photo,https://pbs.twimg.com/media/E3_CObSVUAEiMGK.jpg,
1403094089239654400,https://twitter.com/AlamedaTrabucco/status/1403094089239654400,Tweet,photo,https://pbs.twimg.com/media/E3jKozjVgAIcRbq.jpg,
1402786857302183940,https://twitter.com/AlamedaTrabucco/status/1402786857302183940,Reply,animated_gif,https://video.twimg.com/tweet_video/E3ezNE0VkAEf8or.mp4,Interest Turn Money GIF
1402786840684335110,https://twitter.com/AlamedaTrabucco/status/1402786840684335110,Reply,animated_gif,https://video.twimg.com/tweet_video/E3ezMYlVoAAfkhz.mp4,Season 1 Nbc GIF by The Office
1402786831855341568,https://twitter.com/AlamedaTrabucco/status/1402786831855341568,Reply,photo,https://pbs.twimg.com/media/E3ewyF9VIAECn0r.jpg,
1402786825664557057,https://twitter.com/AlamedaTrabucco/status/1402786825664557057,Reply,animated_gif,https://video.twimg.com/tweet_video/E3ezLgoVoAQMeh8.mp4,Not Bad GIF by Zara Larsson
1402786817011683328,https://twitter.com/AlamedaTrabucco/status/1402786817011683328,Reply,photo,https://pbs.twimg.com/media/E3exiylUUAEJ3NY.jpg,
1402786811022221312,https://twitter.com/AlamedaTrabucco/status/1402786811022221312,Reply,photo,https://pbs.twimg.com/media/E3epWFtVcAI6ANK.png,
1401941039439613952,https://twitter.com/AlamedaTrabucco/status/1401941039439613952,Tweet,photo,https://pbs.twimg.com/media/E3Sx8KRWEAI7Wdj.jpg,
1401927792850255873,https://twitter.com/AlamedaTrabucco/status/1401927792850255873,Reply,animated_gif,https://video.twimg.com/tweet_video/E3Sl5HJXIAE7Ypc.mp4,pants GIF
1401927781647368195,https://twitter.com/AlamedaTrabucco/status/1401927781647368195,Reply,animated_gif,https://video.twimg.com/tweet_video/E3Sl4IRWQAgkPXG.mp4,Bugs Bunny Running GIF by Looney Tunes
1401927762810654726,https://twitter.com/AlamedaTrabucco/status/1401927762810654726,Reply,animated_gif,https://video.twimg.com/tweet_video/E3Sl3dVX0AE3wLQ.mp4,Party GIF
1401927751888744449,https://twitter.com/AlamedaTrabucco/status/1401927751888744449,Reply,animated_gif,https://video.twimg.com/tweet_video/E3Sl23bWYAMRDRP.mp4,Thinking Pondering GIF
1401927743143546883,https://twitter.com/AlamedaTrabucco/status/1401927743143546883,Reply,animated_gif,https://video.twimg.com/tweet_video/E3Sl2V9XEAE3Mbn.mp4,Happy Season 9 GIF by The Office
1401927732636889094,https://twitter.com/AlamedaTrabucco/status/1401927732636889094,Reply,animated_gif,https://video.twimg.com/tweet_video/E3Sl1ccXMAEW2y5.mp4,I Just Have A Lot Of Feelings - Mean Girls GIF
1401927715247251458,https://twitter.com/AlamedaTrabucco/status/1401927715247251458,Reply,animated_gif,https://video.twimg.com/tweet_video/E3Sl0u4XoAQs2sf.mp4,Spongebob Lifting GIF
1401927705357164550,https://twitter.com/AlamedaTrabucco/status/1401927705357164550,Reply,animated_gif,https://video.twimg.com/tweet_video/E3Sl0J7WUAI9JXg.mp4,Cat Typing GIF
1401927695290806272,https://twitter.com/AlamedaTrabucco/status/1401927695290806272,Tweet,animated_gif,https://video.twimg.com/tweet_video/E3SlzSaXEAAaUyc.mp4, 
1401821204932186114,https://twitter.com/AlamedaTrabucco/status/1401821204932186114,Tweet,photo,https://pbs.twimg.com/media/E3RE87JWUAUhWDV.jpg,
1401594883513651203,https://twitter.com/AlamedaTrabucco/status/1401594883513651203,Tweet,photo,https://pbs.twimg.com/media/E3N3CxLXoAQHBDN.jpg,
1400931592625926149,https://twitter.com/AlamedaTrabucco/status/1400931592625926149,Reply,photo,https://pbs.twimg.com/media/E3Eb2raXoAUgEuF.jpg,
1400929129357352961,https://twitter.com/AlamedaTrabucco/status/1400929129357352961,Reply,photo,https://pbs.twimg.com/media/E3EZnIrXMAASnst.jpg,
1400927914686885892,https://twitter.com/AlamedaTrabucco/status/1400927914686885892,Reply,photo,https://pbs.twimg.com/media/E3EYgd2WUAwAxOZ.jpg,
1400926390074159110,https://twitter.com/AlamedaTrabucco/status/1400926390074159110,Reply,photo,https://pbs.twimg.com/media/E3EXHoGXIAArA4Z.jpg,
1400925664677670917,https://twitter.com/AlamedaTrabucco/status/1400925664677670917,Tweet,photo,https://pbs.twimg.com/media/E3EWdf_XoAMEqKx.jpg,
1400545467944013824,https://twitter.com/AlamedaTrabucco/status/1400545467944013824,Tweet,photo,https://pbs.twimg.com/media/E2-8qvAXEAoDsJ_.jpg,
1400541303222509575,https://twitter.com/AlamedaTrabucco/status/1400541303222509575,Reply,animated_gif,https://video.twimg.com/tweet_video/E2-44XdXIAEpP2F.mp4,Technical Skills Race GIF by BoxMedia.io
1400541270603440134,https://twitter.com/AlamedaTrabucco/status/1400541270603440134,Reply,animated_gif,https://video.twimg.com/tweet_video/E2-42dTWUAAKh7a.mp4,Math Thinking GIF
1400541245236203526,https://twitter.com/AlamedaTrabucco/status/1400541245236203526,Reply,photo,https://pbs.twimg.com/media/E2-41UIWUAEW1JQ.jpg,
1400541211493027841,https://twitter.com/AlamedaTrabucco/status/1400541211493027841,Reply,animated_gif,https://video.twimg.com/tweet_video/E2-4y_7WEAgMnp1.mp4,Globe Gilbert GIF
1400541180299972611,https://twitter.com/AlamedaTrabucco/status/1400541180299972611,Reply,animated_gif,https://video.twimg.com/tweet_video/E2-4xOdXEAobbrD.mp4,season 4 grandpa simpson GIF
1399939895129432065,https://twitter.com/AlamedaTrabucco/status/1399939895129432065,Tweet,photo,https://pbs.twimg.com/media/E22VuQyWUA8zIxQ.jpg,
1399867800102002689,https://twitter.com/AlamedaTrabucco/status/1399867800102002689,Reply,animated_gif,https://video.twimg.com/tweet_video/E21UVnlWEAclstc.mp4,Pride Month Simpsons GIF
1398057542190829570,https://twitter.com/AlamedaTrabucco/status/1398057542190829570,Tweet,photo,https://pbs.twimg.com/media/E2bl7HzXwAQDmyA.jpg,
1397679035082289159,https://twitter.com/AlamedaTrabucco/status/1397679035082289159,Reply,animated_gif,https://video.twimg.com/tweet_video/E2WNrAtXMAEZ1Wx.mp4,Season 4 Group GIF by Friends
1396918950836019200,https://twitter.com/AlamedaTrabucco/status/1396918950836019200,Quote,animated_gif,https://video.twimg.com/tweet_video/E2LaYOIXMAEmHYe.mp4,Animated GIF
1396614277017096193,https://twitter.com/AlamedaTrabucco/status/1396614277017096193,Reply,animated_gif,https://video.twimg.com/tweet_video/E2HFRpDWQAI5RcN.mp4,Stephen King Shakespeare GIF by PeacockTV
1396603871145910275,https://twitter.com/AlamedaTrabucco/status/1396603871145910275,Reply,animated_gif,https://video.twimg.com/tweet_video/E2G7z0DXEAon0es.mp4,Excited Schitts Creek GIF by CBC
1396603855299821582,https://twitter.com/AlamedaTrabucco/status/1396603855299821582,Reply,animated_gif,https://video.twimg.com/tweet_video/E2G7zSuXIAQ04dK.mp4,Bender Crypto GIF
1396603846990999554,https://twitter.com/AlamedaTrabucco/status/1396603846990999554,Reply,animated_gif,https://video.twimg.com/tweet_video/E2G7yzxXoAE7fWz.mp4,Hi Be GIF
1396603837461499904,https://twitter.com/AlamedaTrabucco/status/1396603837461499904,Reply,animated_gif,https://video.twimg.com/tweet_video/E2G7x-hWQAEm9le.mp4,Real Housewives Of Salt Lake City Slc GIF
1396603824123559951,https://twitter.com/AlamedaTrabucco/status/1396603824123559951,Reply,animated_gif,https://video.twimg.com/tweet_video/E2G7xeOWQAQpC93.mp4,Call The Midwife Opinion GIF by PBS
1396603814816489475,https://twitter.com/AlamedaTrabucco/status/1396603814816489475,Reply,animated_gif,https://video.twimg.com/tweet_video/E2G7w72WQAIt4Hd.mp4,Palla Deserto GIF
1396603806595657729,https://twitter.com/AlamedaTrabucco/status/1396603806595657729,Reply,animated_gif,https://video.twimg.com/tweet_video/E2G7wcOXEAA8G1v.mp4,Psychic GIF
1395422223616315394,https://twitter.com/AlamedaTrabucco/status/1395422223616315394,Quote,photo,https://pbs.twimg.com/media/E12Iu2bWUAcfy7t.jpg,
1395422223616315394,https://twitter.com/AlamedaTrabucco/status/1395422223616315394,Quote,photo,https://pbs.twimg.com/media/E12I7DqX0AMT-OI.png,
1395237865362239489,https://twitter.com/AlamedaTrabucco/status/1395237865362239489,Reply,animated_gif,https://video.twimg.com/tweet_video/E1zhcO5XsAER_6I.mp4,sashay away GIF
1395211798354219008,https://twitter.com/AlamedaTrabucco/status/1395211798354219008,Reply,animated_gif,https://video.twimg.com/tweet_video/E1zJuq1XsAMTBE-.mp4,Dog Puppy GIF
1395211786006183938,https://twitter.com/AlamedaTrabucco/status/1395211786006183938,Reply,animated_gif,https://video.twimg.com/tweet_video/E1zJtqKXsAAeTkF.mp4,Vanessa Bayer Whats Happening GIF
1395211764825006087,https://twitter.com/AlamedaTrabucco/status/1395211764825006087,Reply,animated_gif,https://video.twimg.com/tweet_video/E1zJs8vX0AI_3Tp.mp4,Happy Excited GIF
1395211754683109383,https://twitter.com/AlamedaTrabucco/status/1395211754683109383,Reply,photo,https://pbs.twimg.com/media/E1zB7CFWYAA6Whr.jpg,
1395211750660771842,https://twitter.com/AlamedaTrabucco/status/1395211750660771842,Reply,animated_gif,https://video.twimg.com/tweet_video/E1zJsINXEAQjcyi.mp4,rebound detroit pistons GIF
1395211742658154503,https://twitter.com/AlamedaTrabucco/status/1395211742658154503,Reply,photo,https://pbs.twimg.com/media/E1zA_msWYAI5VuW.jpg,
1395211739181076481,https://twitter.com/AlamedaTrabucco/status/1395211739181076481,Reply,photo,https://pbs.twimg.com/media/E1zAuuCWQAEgecn.jpg,
1395211733212573696,https://twitter.com/AlamedaTrabucco/status/1395211733212573696,Reply,photo,https://pbs.twimg.com/media/E1zDyYOWUAM0qJc.jpg,
1395211733212573696,https://twitter.com/AlamedaTrabucco/status/1395211733212573696,Reply,photo,https://pbs.twimg.com/media/E1zD-HnWEAceja3.jpg,
1395211729626402816,https://twitter.com/AlamedaTrabucco/status/1395211729626402816,Reply,photo,https://pbs.twimg.com/media/E1zEIirWYAAPXxK.jpg,
1395211725952192514,https://twitter.com/AlamedaTrabucco/status/1395211725952192514,Reply,animated_gif,https://video.twimg.com/tweet_video/E1zJqrrWYAQPqi8.mp4,beauty and the beast ballroom GIF by Disney
1395211717710393349,https://twitter.com/AlamedaTrabucco/status/1395211717710393349,Reply,photo,https://pbs.twimg.com/media/E1y-rrmXoAQQfnx.jpg,
1395211713318895618,https://twitter.com/AlamedaTrabucco/status/1395211713318895618,Reply,animated_gif,https://video.twimg.com/tweet_video/E1zJp8LXEAAsIne.mp4,tom hardy inception GIF
1395211705014173696,https://twitter.com/AlamedaTrabucco/status/1395211705014173696,Reply,photo,https://pbs.twimg.com/media/E1yE-A-XoAENM6-.jpg,
1395211701461651458,https://twitter.com/AlamedaTrabucco/status/1395211701461651458,Reply,photo,https://pbs.twimg.com/media/E1yEgZkWQAA06z-.jpg,
1395211697930047489,https://twitter.com/AlamedaTrabucco/status/1395211697930047489,Tweet,photo,https://pbs.twimg.com/media/E1zG1_wWEAIL-X7.jpg,
1395053197186805763,https://twitter.com/AlamedaTrabucco/status/1395053197186805763,Tweet,photo,https://pbs.twimg.com/media/E1w5eE2XoAAm1Ak.jpg,
1394320010005331968,https://twitter.com/AlamedaTrabucco/status/1394320010005331968,Reply,animated_gif,https://video.twimg.com/tweet_video/E1mep_CXIAkhKcG.mp4,Yeah Ya GIF
1394022425726226435,https://twitter.com/AlamedaTrabucco/status/1394022425726226435,Tweet,photo,https://pbs.twimg.com/media/E1iQAXVWUAc1fh-.jpg,
1393958520899387399,https://twitter.com/AlamedaTrabucco/status/1393958520899387399,Reply,animated_gif,https://video.twimg.com/tweet_video/E1hV4SYXoAQfJwY.mp4,IDont Hear Crazy GIF
1393531751818047488,https://twitter.com/AlamedaTrabucco/status/1393531751818047488,Tweet,photo,https://pbs.twimg.com/media/E1bRsh7X0AIb3cH.jpg,
1391988337154560003,https://twitter.com/AlamedaTrabucco/status/1391988337154560003,Reply,animated_gif,https://video.twimg.com/tweet_video/E1FWAqtVgAEvHxJ.mp4,Bring It On Mouse GIF
1391988324361932807,https://twitter.com/AlamedaTrabucco/status/1391988324361932807,Reply,animated_gif,https://video.twimg.com/tweet_video/E1FV_7zUYAQ4ywb.mp4,Bear Hug GIF
1391988311997108228,https://twitter.com/AlamedaTrabucco/status/1391988311997108228,Reply,animated_gif,https://video.twimg.com/tweet_video/E1FV_NzVgAQz3H_.mp4,Candle Day Oprah GIF
1391988302396280832,https://twitter.com/AlamedaTrabucco/status/1391988302396280832,Reply,photo,https://pbs.twimg.com/media/E1FVtLdUYAEOK55.jpg,
1391988298529185804,https://twitter.com/AlamedaTrabucco/status/1391988298529185804,Reply,photo,https://pbs.twimg.com/media/E1FJsYJUcAI_5Du.jpg,
1391988293085011973,https://twitter.com/AlamedaTrabucco/status/1391988293085011973,Reply,photo,https://pbs.twimg.com/media/E1FI5MfVoAEbslZ.jpg,
1391988287204593665,https://twitter.com/AlamedaTrabucco/status/1391988287204593665,Reply,animated_gif,https://video.twimg.com/tweet_video/E1FV9xfVgAInEjW.mp4,keeping up with the kardashians scott GIF by E!
1391988274315493381,https://twitter.com/AlamedaTrabucco/status/1391988274315493381,Reply,animated_gif,https://video.twimg.com/tweet_video/E1FV9BBVUAAvYGC.mp4,Money Breaking Bad GIF
1391988263309611012,https://twitter.com/AlamedaTrabucco/status/1391988263309611012,Reply,photo,https://pbs.twimg.com/media/E1FFGGFVEAEP-vq.png,
1391988257978667008,https://twitter.com/AlamedaTrabucco/status/1391988257978667008,Reply,animated_gif,https://video.twimg.com/tweet_video/E1FV8EfVIAAG_XV.mp4,Everythings Fine Im Fine GIF
1391988247073419264,https://twitter.com/AlamedaTrabucco/status/1391988247073419264,Reply,animated_gif,https://video.twimg.com/tweet_video/E1FV7bsVIAMQVs0.mp4,Patrick Starfish Lunchtime GIF
1391988234532446210,https://twitter.com/AlamedaTrabucco/status/1391988234532446210,Tweet,animated_gif,https://video.twimg.com/tweet_video/E1FV6tDUYAEXUhl.mp4,What Did You Expect Oprah Winfrey GIF
1390218421212631048,https://twitter.com/AlamedaTrabucco/status/1390218421212631048,Reply,animated_gif,https://video.twimg.com/tweet_video/E0sMSAZVIAE0E5q.mp4,tony the tiger breakfast GIF by Frosted Flakes
1387342239064420354,https://twitter.com/AlamedaTrabucco/status/1387342239064420354,Reply,animated_gif,https://video.twimg.com/tweet_video/E0DUaKTVkAMHe_w.mp4,School What Doesnt Kill You Makes You Stronger Mouse GIF
1387342226640891904,https://twitter.com/AlamedaTrabucco/status/1387342226640891904,Reply,animated_gif,https://video.twimg.com/tweet_video/E0DUZQSVIAA1F5z.mp4,Arrested Development Mistake GIF
1387342209075367936,https://twitter.com/AlamedaTrabucco/status/1387342209075367936,Reply,animated_gif,https://video.twimg.com/tweet_video/E0DUX-xVcAELISQ.mp4,Spongebob Study GIF
1387342184802787332,https://twitter.com/AlamedaTrabucco/status/1387342184802787332,Reply,animated_gif,https://video.twimg.com/tweet_video/E0DUW5VUYAIFXQe.mp4,Olaf In Hot Tub GIF
1387342168151445506,https://twitter.com/AlamedaTrabucco/status/1387342168151445506,Reply,animated_gif,https://video.twimg.com/tweet_video/E0DUV89VcAQSvi_.mp4,Donkey The GIF
1387342151239995394,https://twitter.com/AlamedaTrabucco/status/1387342151239995394,Reply,animated_gif,https://video.twimg.com/tweet_video/E0DUVAHVgAIrJ6t.mp4,Bender Crypto GIF
1387342138174758918,https://twitter.com/AlamedaTrabucco/status/1387342138174758918,Reply,photo,https://pbs.twimg.com/media/E0DUUf1VIAIGepu.png,
1387342131694510081,https://twitter.com/AlamedaTrabucco/status/1387342131694510081,Reply,photo,https://pbs.twimg.com/media/E0DUUFnVIAgkcqe.jpg,
1387342123079376901,https://twitter.com/AlamedaTrabucco/status/1387342123079376901,Reply,animated_gif,https://video.twimg.com/tweet_video/E0DUTGUUcAES9Ak.mp4,harry potter oh no you didnt GIF
1387342107732582400,https://twitter.com/AlamedaTrabucco/status/1387342107732582400,Tweet,animated_gif,https://video.twimg.com/tweet_video/E0DUSfAVIAIPhX5.mp4,Ashley Tisdale Burn GIF
1387292110726963200,https://twitter.com/AlamedaTrabucco/status/1387292110726963200,Quote,photo,https://pbs.twimg.com/media/E0Cmx_jUcAEVWyn.jpg,
1387278907242549249,https://twitter.com/AlamedaTrabucco/status/1387278907242549249,Tweet,photo,https://pbs.twimg.com/media/E0CarbfVEAMR-UT.png,
1386665150539726858,https://twitter.com/AlamedaTrabucco/status/1386665150539726858,Reply,animated_gif,https://video.twimg.com/tweet_video/Ez5smKpVUAIoiZx.mp4,Glee Kurt GIF
1386300828663771153,https://twitter.com/AlamedaTrabucco/status/1386300828663771153,Reply,animated_gif,https://video.twimg.com/tweet_video/Ez0hQHsVkAY_NnC.mp4,Sad Season 2 GIF by Friends
1385181189871267841,https://twitter.com/AlamedaTrabucco/status/1385181189871267841,Reply,animated_gif,https://video.twimg.com/tweet_video/Ezkm8iNVoAMjRR4.mp4,With Great Power Comes Great Responsibility GIF
1385181048502329349,https://twitter.com/AlamedaTrabucco/status/1385181048502329349,Reply,photo,https://pbs.twimg.com/media/Ezkjnh5UYAEs4aW.jpg,
1385181042240229376,https://twitter.com/AlamedaTrabucco/status/1385181042240229376,Reply,animated_gif,https://video.twimg.com/tweet_video/Ezkmz63VIAM1J9S.mp4,Somebody's Gotta Win GIF
1385181027920842752,https://twitter.com/AlamedaTrabucco/status/1385181027920842752,Reply,photo,https://pbs.twimg.com/media/Ezkhk-eVgAcgsnV.jpg,
1385181019628736515,https://twitter.com/AlamedaTrabucco/status/1385181019628736515,Reply,animated_gif,https://video.twimg.com/tweet_video/Ezkmym1VcAQQ5YU.mp4,happy johnny cueto GIF
1385181004915118082,https://twitter.com/AlamedaTrabucco/status/1385181004915118082,Reply,animated_gif,https://video.twimg.com/tweet_video/EzkmxwSVUAUrSqh.mp4,Stock Market Bitcoin GIF by Mr.Cryply
1385180992948764678,https://twitter.com/AlamedaTrabucco/status/1385180992948764678,Reply,animated_gif,https://video.twimg.com/tweet_video/EzkmxDCVUAYMvBd.mp4,Bh187 Wonder Woman1984 GIF
1385180977601732609,https://twitter.com/AlamedaTrabucco/status/1385180977601732609,Reply,animated_gif,https://video.twimg.com/tweet_video/EzkmwKLVEAkmLB9.mp4,Food Fruit GIF by Denyse®
1385180965325066245,https://twitter.com/AlamedaTrabucco/status/1385180965325066245,Reply,animated_gif,https://video.twimg.com/tweet_video/EzkmvbUVoAcEr1K.mp4,Jeremiah Valeska Gotham GIF
1385180952091979776,https://twitter.com/AlamedaTrabucco/status/1385180952091979776,Reply,animated_gif,https://video.twimg.com/tweet_video/EzkmupbUUAYWvKl.mp4,scrabble he's pissed GIF by Scorpion Dagger
1385180941186789384,https://twitter.com/AlamedaTrabucco/status/1385180941186789384,Tweet,animated_gif,https://video.twimg.com/tweet_video/Ezkmt-dVEAMABnY.mp4,Superman And Batman Working Together - Teamwork GIF
1384177682447888385,https://twitter.com/AlamedaTrabucco/status/1384177682447888385,Reply,photo,https://pbs.twimg.com/media/EzWWPt-VcAcq6Jv.png,
1384148017209511941,https://twitter.com/AlamedaTrabucco/status/1384148017209511941,Reply,animated_gif,https://video.twimg.com/tweet_video/EzV7R-gVoAU0Q-p.mp4,The Office Crying GIF
1383813314191380486,https://twitter.com/AlamedaTrabucco/status/1383813314191380486,Reply,animated_gif,https://video.twimg.com/tweet_video/EzRK3pbVUAUyfh9.mp4,I'm Ready GIF
1383813299364454420,https://twitter.com/AlamedaTrabucco/status/1383813299364454420,Reply,photo,https://pbs.twimg.com/media/EzRJXlZUYAca__4.jpg,
1383813290950729729,https://twitter.com/AlamedaTrabucco/status/1383813290950729729,Reply,photo,https://pbs.twimg.com/media/EzRIdnvVIAI6YqD.png,
1383813275012407305,https://twitter.com/AlamedaTrabucco/status/1383813275012407305,Reply,animated_gif,https://video.twimg.com/tweet_video/EzRK1WzVIAQJcyf.mp4,Cat Jump GIF
1383813262148390912,https://twitter.com/AlamedaTrabucco/status/1383813262148390912,Reply,photo,https://pbs.twimg.com/media/EzRFvYLVIAA4mYT.png,
1383813257060773892,https://twitter.com/AlamedaTrabucco/status/1383813257060773892,Reply,photo,https://pbs.twimg.com/media/EzRFM5JVUAApBJT.png,
1383813248252739591,https://twitter.com/AlamedaTrabucco/status/1383813248252739591,Reply,animated_gif,https://video.twimg.com/tweet_video/EzRKzfcUcAgpJ68.mp4,Huge Wave Fail GIF
1383813227037925379,https://twitter.com/AlamedaTrabucco/status/1383813227037925379,Reply,photo,https://pbs.twimg.com/media/EzRAaDsVgAQ7s8o.jpg,
1383813221815967746,https://twitter.com/AlamedaTrabucco/status/1383813221815967746,Tweet,photo,https://pbs.twimg.com/media/EzQ_1zYVkAQcc4Y.jpg,
1382825690299465730,https://twitter.com/AlamedaTrabucco/status/1382825690299465730,Quote,photo,https://pbs.twimg.com/media/EzDIoFpUUAIeHNR.png,
1382357685694132233,https://twitter.com/AlamedaTrabucco/status/1382357685694132233,Reply,animated_gif,https://video.twimg.com/tweet_video/Ey8e_APUYAAc04B.mp4,Willy Wonka And The Chocolate Factory Tantrum GIF
1382357676248633348,https://twitter.com/AlamedaTrabucco/status/1382357676248633348,Reply,photo,https://pbs.twimg.com/media/Ey8eeSeVEAAMbPp.jpg,
1382357672347897857,https://twitter.com/AlamedaTrabucco/status/1382357672347897857,Reply,photo,https://pbs.twimg.com/media/Ey8ePx-VkAUsuJm.jpg,
1382357667897696256,https://twitter.com/AlamedaTrabucco/status/1382357667897696256,Quote,photo,https://pbs.twimg.com/media/Ey8eABfUYAEa0h8.png,
1382324239810715651,https://twitter.com/AlamedaTrabucco/status/1382324239810715651,Quote,animated_gif,https://video.twimg.com/tweet_video/Ey8Aj50UUAMDoQT.mp4,storm storming GIF
1382244210447814657,https://twitter.com/AlamedaTrabucco/status/1382244210447814657,Reply,animated_gif,https://video.twimg.com/tweet_video/Ey63x3iVUAQo3Xz.mp4,Schitts Creek Comedy GIF by CBC
1382244199173550082,https://twitter.com/AlamedaTrabucco/status/1382244199173550082,Reply,animated_gif,https://video.twimg.com/tweet_video/Ey63xM6VcAAcwiT.mp4,Cat Oh GIF
1382244185282027521,https://twitter.com/AlamedaTrabucco/status/1382244185282027521,Reply,photo,https://pbs.twimg.com/media/Ey616y9UcAUbUBx.jpg,
1382244180961886212,https://twitter.com/AlamedaTrabucco/status/1382244180961886212,Reply,photo,https://pbs.twimg.com/media/Ey61wMiVcAIiaI6.jpg,
1382244174901125120,https://twitter.com/AlamedaTrabucco/status/1382244174901125120,Reply,photo,https://pbs.twimg.com/media/Ey61B1kVIAMsw42.jpg,
1382244169188478977,https://twitter.com/AlamedaTrabucco/status/1382244169188478977,Reply,photo,https://pbs.twimg.com/media/Ey60hqoVgAMycGD.jpg,
1382244160283942916,https://twitter.com/AlamedaTrabucco/status/1382244160283942916,Reply,photo,https://pbs.twimg.com/media/Ey6y_yUUYAQIHqo.jpg,
1382244154529382403,https://twitter.com/AlamedaTrabucco/status/1382244154529382403,Reply,animated_gif,https://video.twimg.com/tweet_video/Ey63umWUcAUTjyU.mp4,Duhh GIF
1382244139442475015,https://twitter.com/AlamedaTrabucco/status/1382244139442475015,Reply,photo,https://pbs.twimg.com/media/Ey6xD05VcAAuwOq.jpg,
1374942263034347521,https://twitter.com/AlamedaTrabucco/status/1374942263034347521,Reply,animated_gif,https://video.twimg.com/tweet_video/ExTGsmUUcAA2WQ5.mp4,angry family guy GIF by HULU
1371423932402728963,https://twitter.com/AlamedaTrabucco/status/1371423932402728963,Reply,animated_gif,https://video.twimg.com/tweet_video/EwhGyzgUcAE-F8j.mp4,Spartatouille Sparte GIF
1370273676101177348,https://twitter.com/AlamedaTrabucco/status/1370273676101177348,Reply,animated_gif,https://video.twimg.com/tweet_video/EwQwpECUUAUf4cQ.mp4,Bringiton GIF
1370273657642123264,https://twitter.com/AlamedaTrabucco/status/1370273657642123264,Reply,animated_gif,https://video.twimg.com/tweet_video/EwQwnscVIAIHeDN.mp4,dumb bad robot GIF
1370273343299973124,https://twitter.com/AlamedaTrabucco/status/1370273343299973124,Reply,animated_gif,https://video.twimg.com/tweet_video/EwQwVwvVcAQWbxA.mp4,World Series Of Poker GIF by PokerStars
1370273331279142917,https://twitter.com/AlamedaTrabucco/status/1370273331279142917,Reply,animated_gif,https://video.twimg.com/tweet_video/EwQwUx4VgAMBVYK.mp4,Im So Cool Be Cool GIF
1370273314883563522,https://twitter.com/AlamedaTrabucco/status/1370273314883563522,Reply,animated_gif,https://video.twimg.com/tweet_video/EwQwT3YVoAAFoOx.mp4,The Little Mermaid Ariel GIF
1370273280565768195,https://twitter.com/AlamedaTrabucco/status/1370273280565768195,Reply,photo,https://pbs.twimg.com/media/EwQprXKVIAEpS4Q.jpg,
1370273269668933638,https://twitter.com/AlamedaTrabucco/status/1370273269668933638,Reply,animated_gif,https://video.twimg.com/tweet_video/EwQwRNEVIAAek9B.mp4,gold im out GIF
1370273250673000453,https://twitter.com/AlamedaTrabucco/status/1370273250673000453,Reply,animated_gif,https://video.twimg.com/tweet_video/EwQwQRaVEAAs0l0.mp4,Fleetwood Mac Go Your Own Way GIF
1370273240396959747,https://twitter.com/AlamedaTrabucco/status/1370273240396959747,Reply,animated_gif,https://video.twimg.com/tweet_video/EwQwPrvVEAEbd8p.mp4,Swing Miss GIF by MOODMAN
1370273230586486786,https://twitter.com/AlamedaTrabucco/status/1370273230586486786,Tweet,photo,https://pbs.twimg.com/media/EwQY19_UYAMiOAs.jpg,
1369551982319394818,https://twitter.com/AlamedaTrabucco/status/1369551982319394818,Quote,animated_gif,https://video.twimg.com/tweet_video/EwGgQ9pUUAIWC5B.mp4,merciless louise belcher GIF by Bob's Burgers
1361997027576401923,https://twitter.com/AlamedaTrabucco/status/1361997027576401923,Reply,photo,https://pbs.twimg.com/media/EubG0cmUcAAR6Bb.png,
1361997022895611905,https://twitter.com/AlamedaTrabucco/status/1361997022895611905,Reply,photo,https://pbs.twimg.com/media/EubGaSvUUAAvnto.png,
1361997013345202182,https://twitter.com/AlamedaTrabucco/status/1361997013345202182,Reply,photo,https://pbs.twimg.com/media/EubFfwvVcAMADNf.jpg,
1361996999956983808,https://twitter.com/AlamedaTrabucco/status/1361996999956983808,Reply,photo,https://pbs.twimg.com/media/EubDypsVEAA0ZNH.jpg,
1357563372774952961,https://twitter.com/AlamedaTrabucco/status/1357563372774952961,Reply,photo,https://pbs.twimg.com/media/EtcIsGsUYAg5TB3.jpg,
1355084503073447938,https://twitter.com/AlamedaTrabucco/status/1355084503073447938,Reply,photo,https://pbs.twimg.com/media/Es46CxhUYAEm2iw.jpg,
1355084503073447938,https://twitter.com/AlamedaTrabucco/status/1355084503073447938,Reply,photo,https://pbs.twimg.com/media/Es46JN6VcAURtYL.jpg,
1354826030654001157,https://twitter.com/AlamedaTrabucco/status/1354826030654001157,Reply,photo,https://pbs.twimg.com/media/Es1PF6AU0AACJan.jpg,
1354712527339352065,https://twitter.com/AlamedaTrabucco/status/1354712527339352065,Reply,animated_gif,https://video.twimg.com/tweet_video/Eszn2-kUwAIpmt7.mp4,Train Thomas GIF
1354661835216048130,https://twitter.com/AlamedaTrabucco/status/1354661835216048130,Quote,photo,https://pbs.twimg.com/media/Esy5wPhUwAAqAPj.jpg,
1354645955111391235,https://twitter.com/AlamedaTrabucco/status/1354645955111391235,Reply,animated_gif,https://video.twimg.com/tweet_video/EsyrT94UwAA2u2J.mp4,Bubble Gum Bubble Pop GIF
1354645942582923268,https://twitter.com/AlamedaTrabucco/status/1354645942582923268,Reply,photo,https://pbs.twimg.com/media/EsyqOA7U4AExC81.jpg,
1354645937210048514,https://twitter.com/AlamedaTrabucco/status/1354645937210048514,Reply,animated_gif,https://video.twimg.com/tweet_video/EsyrS8WVoAIIx2t.mp4,high basketball wives GIF by VH1
1354645926485188609,https://twitter.com/AlamedaTrabucco/status/1354645926485188609,Reply,photo,https://pbs.twimg.com/media/EsyopYwUcAI3ztK.jpg,
1354645922102185986,https://twitter.com/AlamedaTrabucco/status/1354645922102185986,Reply,animated_gif,https://video.twimg.com/tweet_video/EsyrSDuVkAM7bOQ.mp4,America Statue Of Liberty GIF
1354645912799199233,https://twitter.com/AlamedaTrabucco/status/1354645912799199233,Reply,photo,https://pbs.twimg.com/media/Esyn7jRUYAUdomM.jpg,
1354645908063809537,https://twitter.com/AlamedaTrabucco/status/1354645908063809537,Reply,animated_gif,https://video.twimg.com/tweet_video/EsyrRPPU0AETOYp.mp4,short super mario GIF
1354645895313199105,https://twitter.com/AlamedaTrabucco/status/1354645895313199105,Quote,photo,https://pbs.twimg.com/media/EsyfPsnVEAAmcrb.jpg,
1354599264651939841,https://twitter.com/AlamedaTrabucco/status/1354599264651939841,Reply,animated_gif,https://video.twimg.com/tweet_video/EsyA2PXVEAAG_54.mp4,aroused goat GIF
1353949008075472896,https://twitter.com/AlamedaTrabucco/status/1353949008075472896,Reply,photo,https://pbs.twimg.com/media/EsoxcMOUYAA__EV.png,
1352105328574423047,https://twitter.com/AlamedaTrabucco/status/1352105328574423047,Reply,animated_gif,https://video.twimg.com/tweet_video/EsOkoDLU0AA3c8s.mp4,Spongebob Squarepants Prove It GIF
1352049256547328002,https://twitter.com/AlamedaTrabucco/status/1352049256547328002,Reply,photo,https://pbs.twimg.com/media/EsNxn41U0AE_V2U.png,
1351741093985992705,https://twitter.com/AlamedaTrabucco/status/1351741093985992705,Tweet,animated_gif,https://video.twimg.com/tweet_video/EsJZW0DUwAMkU-H.mp4,Confused Britney Spears GIF
1351722450350792706,https://twitter.com/AlamedaTrabucco/status/1351722450350792706,Reply,photo,https://pbs.twimg.com/media/EsJHBDmVQAAhW4e.png,
1351722444420210688,https://twitter.com/AlamedaTrabucco/status/1351722444420210688,Reply,photo,https://pbs.twimg.com/media/EsJGK7VVkAAArPv.png,
1351722438657142785,https://twitter.com/AlamedaTrabucco/status/1351722438657142785,Reply,photo,https://pbs.twimg.com/media/EsJFiSTVgAEzwfR.jpg,
1351722431564533760,https://twitter.com/AlamedaTrabucco/status/1351722431564533760,Reply,animated_gif,https://video.twimg.com/tweet_video/EsJIYgVUcAAOKq8.mp4,Bruno Mars GIF
1351722417740161025,https://twitter.com/AlamedaTrabucco/status/1351722417740161025,Tweet,photo,https://pbs.twimg.com/media/EsJBdEGVEAEKjQk.jpg,
1350997932103884805,https://twitter.com/AlamedaTrabucco/status/1350997932103884805,Quote,animated_gif,https://video.twimg.com/tweet_video/Er-1cvcWMAAa_GL.mp4,Come On Dora GIF
1349558607323439105,https://twitter.com/AlamedaTrabucco/status/1349558607323439105,Reply,photo,https://pbs.twimg.com/media/ErqYZMEU0AQ2qDH.jpg,
1349539611274407936,https://twitter.com/AlamedaTrabucco/status/1349539611274407936,Reply,animated_gif,https://video.twimg.com/tweet_video/ErqHHqZVQAIkmFb.mp4,Frosted Flakes Tony The Tiger GIF
1349539463630790656,https://twitter.com/AlamedaTrabucco/status/1349539463630790656,Reply,animated_gif,https://video.twimg.com/tweet_video/ErqG_DRU0AEf0mH.mp4,Peter Griffin Nails GIF
1349539446710943746,https://twitter.com/AlamedaTrabucco/status/1349539446710943746,Reply,animated_gif,https://video.twimg.com/tweet_video/ErqG-B8VkAQr6qC.mp4,Troll Dungeon GIF
1349539435411431424,https://twitter.com/AlamedaTrabucco/status/1349539435411431424,Reply,photo,https://pbs.twimg.com/media/ErqA5JbUwAEgOlJ.jpg,
1349539351617708033,https://twitter.com/AlamedaTrabucco/status/1349539351617708033,Reply,animated_gif,https://video.twimg.com/tweet_video/ErqG4jLUcAE0aUv.mp4,Poke Cute Bear GIF
1349539306482724867,https://twitter.com/AlamedaTrabucco/status/1349539306482724867,Reply,animated_gif,https://video.twimg.com/tweet_video/ErqG15oVgAEvZiH.mp4,Money Breaking Bad GIF
1349539290422800385,https://twitter.com/AlamedaTrabucco/status/1349539290422800385,Reply,animated_gif,https://video.twimg.com/tweet_video/ErqG09xUYAAweGh.mp4,Im Waiting Aki And Paw Paw GIF
1349539275319111680,https://twitter.com/AlamedaTrabucco/status/1349539275319111680,Reply,animated_gif,https://video.twimg.com/tweet_video/ErqG0FwUwAIBJXw.mp4,size matters GIF by Empire FOX
1349539043189555200,https://twitter.com/AlamedaTrabucco/status/1349539043189555200,Reply,animated_gif,https://video.twimg.com/tweet_video/ErqGmllUcAE81JS.mp4,dizzy super smash bros GIF
1349539031378395137,https://twitter.com/AlamedaTrabucco/status/1349539031378395137,Reply,photo,https://pbs.twimg.com/media/ErqEjypU0AAXGyI.jpg,
1349539025292464129,https://twitter.com/AlamedaTrabucco/status/1349539025292464129,Reply,animated_gif,https://video.twimg.com/tweet_video/ErqGli8UcAAvv53.mp4,ADancing Dancing A GIF
1349539014861221889,https://twitter.com/AlamedaTrabucco/status/1349539014861221889,Reply,photo,https://pbs.twimg.com/media/ErqDxxsVQAENDgp.png,
1349538858774323201,https://twitter.com/AlamedaTrabucco/status/1349538858774323201,Reply,animated_gif,https://video.twimg.com/tweet_video/ErqGb1MU0AI3ICZ.mp4,Divingfail Suck GIF
1349538846296346625,https://twitter.com/AlamedaTrabucco/status/1349538846296346625,Reply,animated_gif,https://video.twimg.com/tweet_video/ErqGbG9VQAILc3i.mp4,News Headline GIF
1349538828667678720,https://twitter.com/AlamedaTrabucco/status/1349538828667678720,Tweet,photo,https://pbs.twimg.com/media/Erp38rcU0AAGFz7.jpg,
1349538696853262336,https://twitter.com/AlamedaTrabucco/status/1349538696853262336,Reply,animated_gif,https://video.twimg.com/tweet_video/ErqGSLrVQAMhFG_.mp4,Nod GIF
1349538682106048513,https://twitter.com/AlamedaTrabucco/status/1349538682106048513,Reply,animated_gif,https://video.twimg.com/tweet_video/ErqGRj4VgAEZ_sC.mp4,Season 11 Episode 3 GIF by The Simpsons
1349538588086599680,https://twitter.com/AlamedaTrabucco/status/1349538588086599680,Reply,animated_gif,https://video.twimg.com/tweet_video/ErqGMFwVgAInQIG.mp4,spongebob squarepants chipotle GIF
1349538575889489920,https://twitter.com/AlamedaTrabucco/status/1349538575889489920,Reply,animated_gif,https://video.twimg.com/tweet_video/ErqGLFWVkAELRGe.mp4,Bet Win GIF by Slotomania Official
1349538558881644544,https://twitter.com/AlamedaTrabucco/status/1349538558881644544,Reply,animated_gif,https://video.twimg.com/tweet_video/ErqGKYVU0AIiDRb.mp4,james holzhauer GIF by Jeopardy!
1349538546269372418,https://twitter.com/AlamedaTrabucco/status/1349538546269372418,Reply,animated_gif,https://video.twimg.com/tweet_video/ErqGJp0UcAAEsCo.mp4,Alex Trebek Dancing GIF by Jeopardy!
1349538535292895233,https://twitter.com/AlamedaTrabucco/status/1349538535292895233,Reply,animated_gif,https://video.twimg.com/tweet_video/ErqGJBcU0AIf1sj.mp4,Betting All In GIF by Angie Tribeca
1349478476345081856,https://twitter.com/AlamedaTrabucco/status/1349478476345081856,Reply,animated_gif,https://video.twimg.com/tweet_video/ErpPhIxVkAMRUAK.mp4,Copy Speech GIF
1349208028319424514,https://twitter.com/AlamedaTrabucco/status/1349208028319424514,Reply,animated_gif,https://video.twimg.com/tweet_video/ErlZi-DVQAMnybW.mp4,andy samberg smile GIF by Brooklyn Nine-Nine
1348773063047794689,https://twitter.com/AlamedaTrabucco/status/1348773063047794689,Reply,animated_gif,https://video.twimg.com/tweet_video/ErfN8X4U0AADzGU.mp4,helping schitts creek GIF by CBC
1348773041791135744,https://twitter.com/AlamedaTrabucco/status/1348773041791135744,Reply,animated_gif,https://video.twimg.com/tweet_video/ErfN7bZVQAEqocF.mp4,Patrick's Grumpy Roller Coaster Ride GIF
1348384597583691777,https://twitter.com/AlamedaTrabucco/status/1348384597583691777,Tweet,photo,https://pbs.twimg.com/media/ErZsWHmVkAEWfeV.jpg,
1348029038695092225,https://twitter.com/AlamedaTrabucco/status/1348029038695092225,Reply,animated_gif,https://video.twimg.com/tweet_video/ErUpQwAVQAAPOJX.mp4,Ohshit Omg GIF
1347526971022999553,https://twitter.com/AlamedaTrabucco/status/1347526971022999553,Reply,photo,https://pbs.twimg.com/media/ErNgoO8VgAM-Zd3.png,
1347167986864439298,https://twitter.com/AlamedaTrabucco/status/1347167986864439298,Reply,animated_gif,https://video.twimg.com/tweet_video/ErIaI8YVcAAe4wd.mp4,Group Hug Friends GIF
1347158631725158400,https://twitter.com/AlamedaTrabucco/status/1347158631725158400,Reply,animated_gif,https://video.twimg.com/tweet_video/ErIRoZyVkAA-U-l.mp4,Inside Out Reaction GIF by Disney Pixar
1345740928149983234,https://twitter.com/AlamedaTrabucco/status/1345740928149983234,Reply,photo,https://pbs.twimg.com/media/Eq0IM21VgAYdUFL.jpg,
1345728629569855488,https://twitter.com/AlamedaTrabucco/status/1345728629569855488,Quote,photo,https://pbs.twimg.com/media/Eqz9DJ8UwAEoVB2.jpg,
1345531161942974465,https://twitter.com/AlamedaTrabucco/status/1345531161942974465,Reply,photo,https://pbs.twimg.com/media/EqxJCMFVEAASCx1.jpg,
1345530597603569664,https://twitter.com/AlamedaTrabucco/status/1345530597603569664,Reply,animated_gif,https://video.twimg.com/tweet_video/EqxI8VuVgAIRoG8.mp4,Patrick's Grumpy Roller Coaster Ride GIF
1345530580587319297,https://twitter.com/AlamedaTrabucco/status/1345530580587319297,Reply,photo,https://pbs.twimg.com/media/EqxHgXMVEAATsZw.jpg,
1345530574547472384,https://twitter.com/AlamedaTrabucco/status/1345530574547472384,Reply,photo,https://pbs.twimg.com/media/EqxG8TMVQAEy7z_.jpg,
1345530563071856640,https://twitter.com/AlamedaTrabucco/status/1345530563071856640,Reply,photo,https://pbs.twimg.com/media/EqxE0gQVgAEj5Rh.png,
1345530558969909248,https://twitter.com/AlamedaTrabucco/status/1345530558969909248,Reply,photo,https://pbs.twimg.com/media/EqxEV2iUcAARR53.jpg,
1345530548848979969,https://twitter.com/AlamedaTrabucco/status/1345530548848979969,Reply,photo,https://pbs.twimg.com/media/EqxDLNWVgAE0cT4.jpg,
1345530544218521600,https://twitter.com/AlamedaTrabucco/status/1345530544218521600,Reply,animated_gif,https://video.twimg.com/tweet_video/EqxI477VQAAdQ2a.mp4,new year love GIF
1345530526719905794,https://twitter.com/AlamedaTrabucco/status/1345530526719905794,Reply,photo,https://pbs.twimg.com/media/EqxCaA9VoAA6Vps.png,
1345530521686720512,https://twitter.com/AlamedaTrabucco/status/1345530521686720512,Reply,photo,https://pbs.twimg.com/media/EqxCGfJUwAA2oTb.jpg,
1345530514191441920,https://twitter.com/AlamedaTrabucco/status/1345530514191441920,Quote,animated_gif,https://video.twimg.com/tweet_video/EqxI3exVoAAskO0.mp4,Gay Unicorn GIF
1345469166388539392,https://twitter.com/AlamedaTrabucco/status/1345469166388539392,Reply,photo,https://pbs.twimg.com/media/EqwRA70UYAAbie2.png,
1343545832339955714,https://twitter.com/AlamedaTrabucco/status/1343545832339955714,Tweet,photo,https://pbs.twimg.com/media/EqU7yvoUwAIiqDh.png,
1343039133774561280,https://twitter.com/AlamedaTrabucco/status/1343039133774561280,Tweet,photo,https://pbs.twimg.com/media/EqNu6w9VoAEarY5.jpg,
1342088544701988865,https://twitter.com/AlamedaTrabucco/status/1342088544701988865,Reply,animated_gif,https://video.twimg.com/tweet_video/EqAOaeZVQAQgW05.mp4,Trump Words GIF by moodman
1342072027436306432,https://twitter.com/AlamedaTrabucco/status/1342072027436306432,Reply,animated_gif,https://video.twimg.com/tweet_video/Ep__ZBlUUAAHVV_.mp4,El Grinch GIF
1342072017437126658,https://twitter.com/AlamedaTrabucco/status/1342072017437126658,Reply,animated_gif,https://video.twimg.com/tweet_video/Ep__YdVUwAEHSQK.mp4,homer simpson money GIF
1342072006183845888,https://twitter.com/AlamedaTrabucco/status/1342072006183845888,Reply,photo,https://pbs.twimg.com/media/Ep-27Y2U8AATkqL.jpg,
1342072002069188609,https://twitter.com/AlamedaTrabucco/status/1342072002069188609,Reply,animated_gif,https://video.twimg.com/tweet_video/Ep__Xj-UUAAvtLX.mp4,Santa Claus Swing GIF
1342071978643996672,https://twitter.com/AlamedaTrabucco/status/1342071978643996672,Reply,animated_gif,https://video.twimg.com/tweet_video/Ep__WMfVgAA2aPX.mp4,animation film GIF by POKÉMON Detective Pikachu
1342071966715371522,https://twitter.com/AlamedaTrabucco/status/1342071966715371522,Reply,photo,https://pbs.twimg.com/media/Ep_xm-DU8AE4Y89.jpg,
1342071960402948097,https://twitter.com/AlamedaTrabucco/status/1342071960402948097,Reply,photo,https://pbs.twimg.com/media/Ep_vcbmVgAAOEDg.png,
1342071953268461568,https://twitter.com/AlamedaTrabucco/status/1342071953268461568,Reply,animated_gif,https://video.twimg.com/tweet_video/Ep__UaQUwAAo9Dz.mp4,See You In Court Donald Trump GIF
1342071937372094465,https://twitter.com/AlamedaTrabucco/status/1342071937372094465,Reply,photo,https://pbs.twimg.com/media/Ep_o4ydUwAUyYvR.jpg,
1342071932997390336,https://twitter.com/AlamedaTrabucco/status/1342071932997390336,Reply,animated_gif,https://video.twimg.com/tweet_video/Ep__TiPUcAEx2_J.mp4,Coffee Coffee Cat GIF
1342071923165995008,https://twitter.com/AlamedaTrabucco/status/1342071923165995008,Tweet,photo,https://pbs.twimg.com/media/Ep-lc4sVEAETvAc.jpg,
1339811477243351040,https://twitter.com/AlamedaTrabucco/status/1339811477243351040,Reply,animated_gif,https://video.twimg.com/tweet_video/Epf3bu9VQAAE1S_.mp4,Computer Family Computer GIF
1339811043690696705,https://twitter.com/AlamedaTrabucco/status/1339811043690696705,Reply,photo,https://pbs.twimg.com/media/Epf3CX1UcAAz92R.jpg,
1339810905320656896,https://twitter.com/AlamedaTrabucco/status/1339810905320656896,Reply,photo,https://pbs.twimg.com/media/Epf25IGUYAAmTsX.jpg,
1339810776358420480,https://twitter.com/AlamedaTrabucco/status/1339810776358420480,Reply,photo,https://pbs.twimg.com/media/EpfyudsUcAAj5PN.jpg,
1339810762810789888,https://twitter.com/AlamedaTrabucco/status/1339810762810789888,Reply,photo,https://pbs.twimg.com/media/EpfxmaZUUAE5bE_.jpg,
1339810749917458434,https://twitter.com/AlamedaTrabucco/status/1339810749917458434,Reply,animated_gif,https://video.twimg.com/tweet_video/Epf2xXhU8AA9mEL.mp4,Thinking Think GIF by Rodney Dangerfield
1339810738966122496,https://twitter.com/AlamedaTrabucco/status/1339810738966122496,Reply,photo,https://pbs.twimg.com/media/EpftMaKVgAgrGkG.png,
1339810730795651072,https://twitter.com/AlamedaTrabucco/status/1339810730795651072,Reply,photo,https://pbs.twimg.com/media/EpbCB8jUUAAKU4H.jpg,
1339810722675453957,https://twitter.com/AlamedaTrabucco/status/1339810722675453957,Reply,animated_gif,https://video.twimg.com/tweet_video/Epf2vyEU0AI-6pq.mp4,Hot Crazy Graph GIF
1339810712105848835,https://twitter.com/AlamedaTrabucco/status/1339810712105848835,Reply,photo,https://pbs.twimg.com/media/Epa9_1bVEAMDluk.png,
1339810704342142976,https://twitter.com/AlamedaTrabucco/status/1339810704342142976,Quote,photo,https://pbs.twimg.com/media/EpawNmSVoAEF57y.jpg,
1339091649905926144,https://twitter.com/AlamedaTrabucco/status/1339091649905926144,Reply,animated_gif,https://video.twimg.com/tweet_video/EpVowQDUYAAFMiX.mp4,Too Cute Awww GIF
1337741940901625858,https://twitter.com/AlamedaTrabucco/status/1337741940901625858,Reply,animated_gif,https://video.twimg.com/tweet_video/EpCdM2-UcAAVBxO.mp4,To Do List Nothing GIF by SpongeBob SquarePants
1337741922157305859,https://twitter.com/AlamedaTrabucco/status/1337741922157305859,Reply,photo,https://pbs.twimg.com/media/EpCb0HLVEAILkZJ.png,
1334153833291792386,https://twitter.com/AlamedaTrabucco/status/1334153833291792386,Reply,photo,https://pbs.twimg.com/media/EoPd1cQVoAALG6Y.png,
1333753012171411462,https://twitter.com/AlamedaTrabucco/status/1333753012171411462,Tweet,photo,https://pbs.twimg.com/media/EoJxSaqUYAAfgKb.jpg,
1333456218258513920,https://twitter.com/AlamedaTrabucco/status/1333456218258513920,Quote,photo,https://pbs.twimg.com/media/EoFjW0SUYAAukg_.jpg,
1333393585610182659,https://twitter.com/AlamedaTrabucco/status/1333393585610182659,Reply,animated_gif,https://video.twimg.com/tweet_video/EoEqZPTUUAENr2R.mp4,water sea GIF
1333393573341847554,https://twitter.com/AlamedaTrabucco/status/1333393573341847554,Reply,photo,https://pbs.twimg.com/media/EoEoUV9UcAIj_Vv.jpg,
1333393567960625153,https://twitter.com/AlamedaTrabucco/status/1333393567960625153,Reply,photo,https://pbs.twimg.com/media/EoEns-FVkAERjxG.jpg,
1333393562918998016,https://twitter.com/AlamedaTrabucco/status/1333393562918998016,Reply,animated_gif,https://video.twimg.com/tweet_video/EoEqX7MUUAgtjTA.mp4,Netflix Shrug GIF by The Animal Crackers Movie
1333393550571040768,https://twitter.com/AlamedaTrabucco/status/1333393550571040768,Reply,photo,https://pbs.twimg.com/media/EoEmEIoVEAUyljr.jpg,
1333393542475964421,https://twitter.com/AlamedaTrabucco/status/1333393542475964421,Quote,photo,https://pbs.twimg.com/media/EoEkN3cVcAEe7yo.jpg,
1332104342413791232,https://twitter.com/AlamedaTrabucco/status/1332104342413791232,Reply,animated_gif,https://video.twimg.com/tweet_video/EnyV1a6UYAAt90e.mp4,Group Hug GIF
1332104327125626881,https://twitter.com/AlamedaTrabucco/status/1332104327125626881,Reply,photo,https://pbs.twimg.com/media/EnyQqPHVgAAngBb.png,
1332104323153555457,https://twitter.com/AlamedaTrabucco/status/1332104323153555457,Reply,animated_gif,https://video.twimg.com/tweet_video/EnyV0TIVcAE5APX.mp4,shirtless disney GIF
1332104310449078273,https://twitter.com/AlamedaTrabucco/status/1332104310449078273,Reply,photo,https://pbs.twimg.com/media/EnyKVxPUwAAqil1.jpg,
1332104302517575680,https://twitter.com/AlamedaTrabucco/status/1332104302517575680,Reply,animated_gif,https://video.twimg.com/tweet_video/EnyVzGUUcAANNs-.mp4,Money Breaking Bad GIF
1332104291394281473,https://twitter.com/AlamedaTrabucco/status/1332104291394281473,Reply,animated_gif,https://video.twimg.com/tweet_video/EnyVyclVcAE9hpV.mp4,shrek GIF
1332104279713214464,https://twitter.com/AlamedaTrabucco/status/1332104279713214464,Reply,photo,https://pbs.twimg.com/media/EnyGs2LVcAEZGFA.jpg,
1332104274218606592,https://twitter.com/AlamedaTrabucco/status/1332104274218606592,Reply,photo,https://pbs.twimg.com/media/EnyEoolVQAAt7qj.jpg,
1332036822310895616,https://twitter.com/AlamedaTrabucco/status/1332036822310895616,Reply,animated_gif,https://video.twimg.com/tweet_video/EnxYbPNUYAIWSmR.mp4,Turkey Patrick GIF
1332036809933484032,https://twitter.com/AlamedaTrabucco/status/1332036809933484032,Reply,photo,https://pbs.twimg.com/media/EnxVDItVgAAUE0u.jpg,
1332036806037016578,https://twitter.com/AlamedaTrabucco/status/1332036806037016578,Reply,photo,https://pbs.twimg.com/media/EnxUhsXUwAAMcdl.jpg,
1332036802085933057,https://twitter.com/AlamedaTrabucco/status/1332036802085933057,Reply,photo,https://pbs.twimg.com/media/EnxUTxFVQAUv3Fv.jpg,
1332036797891690497,https://twitter.com/AlamedaTrabucco/status/1332036797891690497,Reply,photo,https://pbs.twimg.com/media/EnxTW4IVoAApTbe.jpg,
1332036791151390720,https://twitter.com/AlamedaTrabucco/status/1332036791151390720,Reply,photo,https://pbs.twimg.com/media/EnwcRJpUcAIF_hQ.jpg,
1332036787020021761,https://twitter.com/AlamedaTrabucco/status/1332036787020021761,Reply,animated_gif,https://video.twimg.com/tweet_video/EnxYZLaVcAU58da.mp4,Turkey Monica GIF
1332036760939896832,https://twitter.com/AlamedaTrabucco/status/1332036760939896832,Tweet,photo,https://pbs.twimg.com/media/EnxVLswVEAAzxDh.jpg,
1331674428158091264,https://twitter.com/AlamedaTrabucco/status/1331674428158091264,Reply,photo,https://pbs.twimg.com/media/EnsOzPUVkAA5Ht8.jpg,
1331614007501864961,https://twitter.com/AlamedaTrabucco/status/1331614007501864961,Reply,animated_gif,https://video.twimg.com/tweet_video/EnrX341UcAETM9W.mp4,Drive Fast GIF
1331613991714521091,https://twitter.com/AlamedaTrabucco/status/1331613991714521091,Reply,animated_gif,https://video.twimg.com/tweet_video/EnrX3RQVEAYhv-I.mp4,Baby Gorilla Being Jerk GIF
1331613970067648514,https://twitter.com/AlamedaTrabucco/status/1331613970067648514,Reply,photo,https://pbs.twimg.com/media/EnrWvdJVkAA_iRf.jpg,
1331602566384287755,https://twitter.com/AlamedaTrabucco/status/1331602566384287755,Quote,photo,https://pbs.twimg.com/media/EnrNeCAUcAAgYEL.jpg,
1331260965602541569,https://twitter.com/AlamedaTrabucco/status/1331260965602541569,Tweet,photo,https://pbs.twimg.com/media/EnmWDwaUUAA7f3U.png,
1331260965602541569,https://twitter.com/AlamedaTrabucco/status/1331260965602541569,Tweet,photo,https://pbs.twimg.com/media/EnmWFlVVQAAP4OO.png,
1331260965602541569,https://twitter.com/AlamedaTrabucco/status/1331260965602541569,Tweet,photo,https://pbs.twimg.com/media/EnmWJtNVcAE6fHK.png,
1331260965602541569,https://twitter.com/AlamedaTrabucco/status/1331260965602541569,Tweet,photo,https://pbs.twimg.com/media/EnmWMxtVQAMq1Ar.png,
1330897598215909376,https://twitter.com/AlamedaTrabucco/status/1330897598215909376,Reply,photo,https://pbs.twimg.com/media/EnhMK5GVQAAOYdH.jpg,
1330860986740293635,https://twitter.com/AlamedaTrabucco/status/1330860986740293635,Tweet,photo,https://pbs.twimg.com/media/EngqkSDVgAAT08t.jpg,
1330571162720501760,https://twitter.com/AlamedaTrabucco/status/1330571162720501760,Reply,photo,https://pbs.twimg.com/media/EncjaOZVcAAY2hW.png,
1330560160406720512,https://twitter.com/AlamedaTrabucco/status/1330560160406720512,Reply,animated_gif,https://video.twimg.com/tweet_video/EncZaOSUUAApA3q.mp4,tonight show nbc GIF by The Tonight Show Starring Jimmy Fallon
1330559645530812416,https://twitter.com/AlamedaTrabucco/status/1330559645530812416,Reply,photo,https://pbs.twimg.com/media/EncWf8SUcAAj4qo.jpg,
1330559635644813312,https://twitter.com/AlamedaTrabucco/status/1330559635644813312,Reply,photo,https://pbs.twimg.com/media/EncTniTVcAMzlhU.png,
1330559628434804736,https://twitter.com/AlamedaTrabucco/status/1330559628434804736,Reply,photo,https://pbs.twimg.com/media/EncTWUoVkAA_ZX2.png,
1330559621048672256,https://twitter.com/AlamedaTrabucco/status/1330559621048672256,Reply,photo,https://pbs.twimg.com/media/EncTEQJVoAEmmA4.jpg,
1330559616745238530,https://twitter.com/AlamedaTrabucco/status/1330559616745238530,Quote,photo,https://pbs.twimg.com/media/EncS7nAVEAU6JFU.jpg,
1330217267926331393,https://twitter.com/AlamedaTrabucco/status/1330217267926331393,Tweet,photo,https://pbs.twimg.com/media/EnXhgRlXEAIztpQ.jpg,
1329154596397228032,https://twitter.com/AlamedaTrabucco/status/1329154596397228032,Reply,animated_gif,https://video.twimg.com/tweet_video/EnIbDmzVQAA3PJD.mp4,Eyes Chew GIF
1329154581792604161,https://twitter.com/AlamedaTrabucco/status/1329154581792604161,Reply,photo,https://pbs.twimg.com/media/EnIaXLgUYAAn9PG.jpg,
1329154566823165952,https://twitter.com/AlamedaTrabucco/status/1329154566823165952,Reply,photo,https://pbs.twimg.com/media/EnIZW0VVQAAQNhm.png,
1329154555636973568,https://twitter.com/AlamedaTrabucco/status/1329154555636973568,Reply,photo,https://pbs.twimg.com/media/EnIYzRjVkAARqpx.png,
1329154550134042629,https://twitter.com/AlamedaTrabucco/status/1329154550134042629,Reply,photo,https://pbs.twimg.com/media/EnIYoxmVEAE6s7J.jpg,
1329154541858656256,https://twitter.com/AlamedaTrabucco/status/1329154541858656256,Tweet,photo,https://pbs.twimg.com/media/EnIYWeQVQAEFlik.png,
1329130340821082112,https://twitter.com/AlamedaTrabucco/status/1329130340821082112,Reply,animated_gif,https://video.twimg.com/tweet_video/EnIE_xaUwAADUWk.mp4,trump hugging flag GIF by Saturday Night Live
1329129983579602948,https://twitter.com/AlamedaTrabucco/status/1329129983579602948,Reply,photo,https://pbs.twimg.com/media/EnIEjNdUcAAV123.png,
1329129953179230208,https://twitter.com/AlamedaTrabucco/status/1329129953179230208,Reply,photo,https://pbs.twimg.com/media/EnIDKUVUwAIjTpD.png,
1329129948968267778,https://twitter.com/AlamedaTrabucco/status/1329129948968267778,Reply,photo,https://pbs.twimg.com/media/EnIDEbdVcAEgRsL.png,
1324280482125639681,https://twitter.com/AlamedaTrabucco/status/1324280482125639681,Reply,photo,https://pbs.twimg.com/media/EmDKE1pU0AA7RBe.png,
1324280298469691393,https://twitter.com/AlamedaTrabucco/status/1324280298469691393,Reply,photo,https://pbs.twimg.com/media/EmDI_0mVcAAFVXt.png,
1324280287673511936,https://twitter.com/AlamedaTrabucco/status/1324280287673511936,Reply,photo,https://pbs.twimg.com/media/EmDIbwhVoAAHOHP.png,
1324280271508631552,https://twitter.com/AlamedaTrabucco/status/1324280271508631552,Tweet,photo,https://pbs.twimg.com/media/EmDG8pcVMAApYfi.png,
1323979276966793216,https://twitter.com/AlamedaTrabucco/status/1323979276966793216,Reply,animated_gif,https://video.twimg.com/tweet_video/El-4IYjU8AIa7Kb.mp4,Saturday Night Live Nbc GIF by HULU
1321732650785103872,https://twitter.com/AlamedaTrabucco/status/1321732650785103872,Reply,animated_gif,https://video.twimg.com/tweet_video/Ele81h2U0AA_GPD.mp4,Patrick Pants GIF
1321732078854049792,https://twitter.com/AlamedaTrabucco/status/1321732078854049792,Reply,photo,https://pbs.twimg.com/media/Ele8SCKVgAETGBt.png,
1321731634387841024,https://twitter.com/AlamedaTrabucco/status/1321731634387841024,Reply,photo,https://pbs.twimg.com/media/Ele76F6U8AA3IYc.jpg,
1321731228416962560,https://twitter.com/AlamedaTrabucco/status/1321731228416962560,Tweet,photo,https://pbs.twimg.com/media/Ele7hlIUYAAc24j.png,
1275482668151365634,https://twitter.com/AlamedaTrabucco/status/1275482668151365634,Reply,photo,https://pbs.twimg.com/media/EbNsr6FVcAA8ftK.jpg,
1275435971484377088,https://twitter.com/AlamedaTrabucco/status/1275435971484377088,Reply,photo,https://pbs.twimg.com/media/EbNCQCMUcAANgF5.png,
1275435862382137344,https://twitter.com/AlamedaTrabucco/status/1275435862382137344,Reply,photo,https://pbs.twimg.com/media/EbNCGMfVcAMeSBV.png,
1275435734715887616,https://twitter.com/AlamedaTrabucco/status/1275435734715887616,Reply,photo,https://pbs.twimg.com/media/EbNB_ptU8AIvO7c.png,
1275435573356851201,https://twitter.com/AlamedaTrabucco/status/1275435573356851201,Reply,photo,https://pbs.twimg.com/media/EbNB4tgVAAglSiH.jpg,
1275431084809838592,https://twitter.com/AlamedaTrabucco/status/1275431084809838592,Reply,animated_gif,https://video.twimg.com/tweet_video/EbM9zr8VcAAiL6p.mp4,Shocked Joey GIF
1275430349909024768,https://twitter.com/AlamedaTrabucco/status/1275430349909024768,Tweet,photo,https://pbs.twimg.com/media/EbM9IK2U4AAD5b4.jpg,
1275429774265995265,https://twitter.com/AlamedaTrabucco/status/1275429774265995265,Reply,animated_gif,https://video.twimg.com/tweet_video/EbM8nYdUcAYx4Sl.mp4,Go On Popcorn GIF by swerk
1275428177112780801,https://twitter.com/AlamedaTrabucco/status/1275428177112780801,Reply,photo,https://pbs.twimg.com/media/EbM7HvmUcAARTcU.jpg,
1272575490243493888,https://twitter.com/AlamedaTrabucco/status/1272575490243493888,Reply,animated_gif,https://video.twimg.com/tweet_video/EakYqMVVAAUEFIy.mp4,tv land evidence GIF by #Impastor
1272573776627040258,https://twitter.com/AlamedaTrabucco/status/1272573776627040258,Reply,photo,https://pbs.twimg.com/media/EakXDmTU0AIl75m.jpg,
1271471335445692417,https://twitter.com/AlamedaTrabucco/status/1271471335445692417,Reply,animated_gif,https://video.twimg.com/tweet_video/EaUsb7KU0AAXANO.mp4,Monday Typing Monkey GIF
1270796178645368833,https://twitter.com/AlamedaTrabucco/status/1270796178645368833,Reply,animated_gif,https://video.twimg.com/tweet_video/EaLGYoEVAAAfWCW.mp4,beauty and the beast smile GIF by Disney
1270795069126135808,https://twitter.com/AlamedaTrabucco/status/1270795069126135808,Quote,photo,https://pbs.twimg.com/media/EaLFRUwUcAEfQD1.jpg,
1270072301170507776,https://twitter.com/AlamedaTrabucco/status/1270072301170507776,Reply,animated_gif,https://video.twimg.com/tweet_video/EaA0BMqUMAABbKD.mp4,Rainbow Spongebob GIF
1267848044185149440,https://twitter.com/AlamedaTrabucco/status/1267848044185149440,Reply,animated_gif,https://video.twimg.com/tweet_video/EZhNEnFU0AA_Kz6.mp4,Circle Marriage GIF
1267846085206085632,https://twitter.com/AlamedaTrabucco/status/1267846085206085632,Reply,photo,https://pbs.twimg.com/media/EZhLHJUU8AAx5x6.jpg,
1267844838403174400,https://twitter.com/AlamedaTrabucco/status/1267844838403174400,Reply,photo,https://pbs.twimg.com/media/EZhJ99fUEAANk99.jpg,
1265972571037564930,https://twitter.com/AlamedaTrabucco/status/1265972571037564930,Tweet,photo,https://pbs.twimg.com/media/EZGdtLCUMAARh5_.jpg,
1264505960803917825,https://twitter.com/AlamedaTrabucco/status/1264505960803917825,Tweet,photo,https://pbs.twimg.com/media/EYxtdvJU8AEA7WO.jpg,
1263842291594063872,https://twitter.com/AlamedaTrabucco/status/1263842291594063872,Tweet,photo,https://pbs.twimg.com/media/EYoRQJgU8AAAdbN.png,
1263210089533411329,https://twitter.com/AlamedaTrabucco/status/1263210089533411329,Reply,animated_gif,https://video.twimg.com/tweet_video/EYfS4ISUEAA9lWS.mp4,Finally At Peace GIF
1262765183300059137,https://twitter.com/AlamedaTrabucco/status/1262765183300059137,Reply,photo,https://pbs.twimg.com/media/EYY-PMbVAAASqkP.png,
1262765053759025152,https://twitter.com/AlamedaTrabucco/status/1262765053759025152,Reply,photo,https://pbs.twimg.com/media/EYY-FJHU4AIphfU.jpg,
